rating,sitter_image,end_date,owner_image,dogs,sitter,owner,start_date,rating_desc
1,http://placekitten.com/g/500/500?user=327,2013-03-13,http://placekitten.com/g/500/500?user=2,M-dog|Orion|Snowy,Jaci H.,Ashley  K.,2013-02-16,WJUWVCLN16W29OQKQ3XJWZVEV3GAOAW2AGZ9M5VRJ308PH4V8S
2,http://placekitten.com/g/500/500?user=39,2013-01-23,http://placekitten.com/g/500/500?user=2,M-dog|Orion|Snowy,Alex F.,Ashley  K.,2013-01-09,HR7HQQ6OFIDP6C6HNOQZQFQNC64CXLAA1QOQWY0ELTIS1YKM5B
3,http://placekitten.com/g/500/500?user=343,2012-07-04,http://placekitten.com/g/500/500?user=1,Indie|Cody,Ashley H.,Caroline J.,2012-06-26,YGUJHAIGN4V2NC13FHAT6MF7V3BAHSVKPPHSYTLYUACDP0EDWI
4,http://placekitten.com/g/500/500?user=347,2012-10-17,http://placekitten.com/g/500/500?user=0,Leila,Heather  R.,Marita C.,2012-08-03,GFGFWADWE4EP6JOMFBUE63ATCQDEJ1B3WUSB6UXPIYAONWJWAP
3,http://placekitten.com/g/500/500?user=343,2013-01-18,http://placekitten.com/g/500/500?user=1,Dakota|Honor,Ashley H.,Lindsey P.,2013-01-17,D6SEQY2ZYJN6L51EYI9RHNNCY4G3KWPNDAOU9KTXP09AT3V2QU
1,http://placekitten.com/g/500/500?user=343,2013-01-28,http://placekitten.com/g/500/500?user=2,Travis|Virgil|Jenny,Ashley H.,Tavish L.,2012-12-04,Z7D9U3EORKQG50FZV2YC3Q6TKJ2VEFLKIIW8FI8HNIF2GU6RQP
2,http://placekitten.com/g/500/500?user=146,2013-04-03,http://placekitten.com/g/500/500?user=1,Rasty-CAT|Tulls,Alisa U.,George L.,2013-02-23,8BJ78W00XLE1RISV3DYMKS4PXW0H1T82IXBW3STX1NRXFCDWX3
1,http://placekitten.com/g/500/500?user=229,2013-04-03,http://placekitten.com/g/500/500?user=1,Max|Breezy,Janine S.,Robin R.,2013-03-18,NVY477P4U0PRX18VGOH7GFCSWYLM0YOX88FDI7B21NF26JBXYB
3,http://placekitten.com/g/500/500?user=269,2013-01-25,http://placekitten.com/g/500/500?user=1,skruffy|Dj,Kelly G.,Eliza V.,2012-11-18,XUTDO3895NSE2U7FNIS4Q8TB8UN1O4XKCUIBLGK4PYOFYJD49I
1,http://placekitten.com/g/500/500?user=299,2012-12-27,http://placekitten.com/g/500/500?user=1,Eli|Bullet,Erica M.,Juli W.,2012-12-04,0MRC9J2RTX0V9MQTUL3GAJALDRG3CXVRD9T4R2BBZXQK20OZRB
1,http://placekitten.com/g/500/500?user=259,2012-09-06,http://placekitten.com/g/500/500?user=2,Boo Boo|Spencer|Gemma,Monica  D.,Kristi M.,2012-08-30,22TU0BTYXRAT6SG3U58MJ2VZ6UK5CD5JN0YM4RCHWYMT5G3DFJ
4,http://placekitten.com/g/500/500?user=303,2013-05-26,http://placekitten.com/g/500/500?user=1,Maddy|uk,Nicola D.,Courtney M.,2013-04-12,X7TDCJ2P28TIN4FNDLGM4F288SKIP65LMMHL0L9CT7I02NI9V9
1,http://placekitten.com/g/500/500?user=167,2013-02-23,http://placekitten.com/g/500/500?user=1,Ember|Jacob,Michael H.,Dina L.,2012-12-18,OLYDMCVPNPWYOW1C0H7WD4XUPO78RE67IS1GPFXASUSE52KSPE
4,http://placekitten.com/g/500/500?user=303,2013-01-01,http://placekitten.com/g/500/500?user=2,Kenly|Zeeba|Amos,Nicola D.,Amy D.,2012-10-21,7S2WUE210RY2CHXK417TVVFJBHJ7NG0T5O7JPD6V93MAMNTV7O
2,http://placekitten.com/g/500/500?user=96,2013-02-12,http://placekitten.com/g/500/500?user=1,Hans|Archie,Gayle P.,Cecil M.,2012-11-24,G75BSSG1MRCOGDVW3DBXF6JZMS6KJ1WT22ZIGO0Z7TWI7KIVTB
3,http://placekitten.com/g/500/500?user=343,2012-06-11,http://placekitten.com/g/500/500?user=1,Sophie|Megan,Ashley H.,William P.,2012-03-23,I9NINT8PLCOUMLRGZXFV3MOAT8ZRH92VUY2Z7E89KE8OD0XBTW
5,http://placekitten.com/g/500/500?user=315,2012-02-02,http://placekitten.com/g/500/500?user=0,Stella,Sunshine V.,Shaina Z.,2012-01-03,HED7R19UI0HKWHPJ7SRGHFN045XS10POLQOV4LJ3SS45USLFEL
1,http://placekitten.com/g/500/500?user=53,2013-07-09,http://placekitten.com/g/500/500?user=1,Roxy|Ozzy,Ilka A.,Jessica C.,2013-04-24,B5JYXDK4LY6UZYU9TPPBQOUC6BAN5MBTA3HLE9E2NEHU12ZPP9
1,http://placekitten.com/g/500/500?user=100,2012-04-14,http://placekitten.com/g/500/500?user=1,Klaus|Sophie,Jennifer D.,Maggie M.,2012-03-30,39HEUL9D9VVA5ZWGIXYE18EJ6M6HWJLEMOZVTJ5WOFS00SWA9S
5,http://placekitten.com/g/500/500?user=163,2012-12-02,http://placekitten.com/g/500/500?user=2,Rascal|Brooke|Roxanne,Michael E.,Susan L.,2012-09-27,I8PIICXCOX0DPCNSC6AJ3KCF5DWBLULB2L6FZ4XMDCVR070ZX1
1,http://placekitten.com/g/500/500?user=315,2012-06-13,http://placekitten.com/g/500/500?user=2,Benji|Bubbles|Cessie,Sunshine V.,Omaira M.,2012-05-08,6Y4EVUKQXN9LDZV54YKGZK81RU9J1M1E3E0I9ZK4CWLZVNK5QE
2,http://placekitten.com/g/500/500?user=242,2012-09-23,http://placekitten.com/g/500/500?user=1,Elsie|Gucci,Jessica L.,Sandy O.,2012-06-26,OIZQ1H0HETA1S7CK0SR2RG0KF7XYXOSRE16FGF6UM2T33AWIDV
4,http://placekitten.com/g/500/500?user=318,2012-02-23,http://placekitten.com/g/500/500?user=2,Anna|Rocky|Finnlee,Gardiner D.,Stephanie C.,2012-01-23,6KMJ4UWT7O7BWBC2Y6735BCTQCYYNLMJOOJ9UHBZQZOPXV0L07
1,http://placekitten.com/g/500/500?user=144,2013-02-08,http://placekitten.com/g/500/500?user=1,A.T.the All Terrain dog|Max,Faker K.,Megan B.,2012-11-15,5A8EDQB3K2M8HERKSE8PDWC87SC2C0HCG3P8BFE8N1G22JT6BP
3,http://placekitten.com/g/500/500?user=51,2013-02-04,http://placekitten.com/g/500/500?user=0,Winston,Pat B.,Tony L.,2012-12-07,RK7QCZAMJF8FSUVD0HHZFB5SQQNBK2GBUXE44RQRJ03E6HH29M
3,http://placekitten.com/g/500/500?user=258,2012-09-01,http://placekitten.com/g/500/500?user=0,Murphy,Nakisa S.,Lyndsey B.,2012-07-23,NEKMDU9JMQZJ9QX6EHQOOARY2U4KZFYOM5UEPC600AN52NSNWA
4,http://placekitten.com/g/500/500?user=53,2013-02-27,http://placekitten.com/g/500/500?user=1,claudio|Crosby,Ilka A.,Autumn G.,2012-12-28,YYAF627KLIU2730B7ITFOU8I5G786WQH4W3E2UJGTRT9XCRAOF
2,http://placekitten.com/g/500/500?user=341,2013-03-01,http://placekitten.com/g/500/500?user=2,Patty|Hunter|Lucas,Dustin M.,Susan V.,2013-01-15,C6N9D0UF3EGYOICN5UVF8KM0CNT2S50LRECD53KV99BT12DERZ
3,http://placekitten.com/g/500/500?user=204,2012-07-20,http://placekitten.com/g/500/500?user=0,Bandit,Ken K.,Steve K.,2012-05-18,1904ULWMBOLP669MODPVPFTAIZQXRRGRLRP01I2QW3J451I407
2,http://placekitten.com/g/500/500?user=104,2013-06-05,http://placekitten.com/g/500/500?user=2,Boo Boo|Spencer|Gemma,Jessica E.,Kristi M.,2013-04-27,WLRY7M1F05CSGMQA2FKGDIEVGBTQ83KUIX9BLGSMSI7KXTIVG5
1,http://placekitten.com/g/500/500?user=303,2013-02-15,http://placekitten.com/g/500/500?user=2,Webber|howie|Goldie,Nicola D.,Kandace L.,2012-12-13,7HISKK5D9F77BCPHAKB4VWBCWPXPX17O53VF5AFWER0M0OZ9Q5
5,http://placekitten.com/g/500/500?user=268,2013-03-24,http://placekitten.com/g/500/500?user=0,Ginger,Heather E.,Lauren H.,2013-01-12,OD9NIGK0MTNPR3HAMBKTETFE3C3VEEJCTI7NT5PERU7CPUIX8M
4,http://placekitten.com/g/500/500?user=198,2013-04-03,http://placekitten.com/g/500/500?user=0,Lilly,Desislava K.,Antonya C.,2013-03-20,OWW7XKH7DZXA3RY32TFNVJRCDCCGOJXZBMQJ3N04NTK3P8E2MA
4,http://placekitten.com/g/500/500?user=267,2012-07-25,http://placekitten.com/g/500/500?user=2,Mogley|Kayia|queen,Jamie H.,Alex L.,2012-07-20,Y0YXPILS9IMVIQ536KERJYJZ95K9YESQ7ZR42AJH2UIQILPY4Z
2,http://placekitten.com/g/500/500?user=11,2012-12-28,http://placekitten.com/g/500/500?user=0,missy,Kerry C.,Ariel R.,2012-10-23,RQ1XDGQJW0C0MMKD85D01CY8CY3MWK5LQTI43NTFCNKCYB5VC6
1,http://placekitten.com/g/500/500?user=320,2012-08-13,http://placekitten.com/g/500/500?user=1,Maddy|uk,Joei B.,Courtney M.,2012-05-15,ISHIBZI2UCMP73IHBX6SBQ022IXTMM70DY4ON0SERYQRHFVOM7
2,http://placekitten.com/g/500/500?user=327,2013-07-02,http://placekitten.com/g/500/500?user=1,A.T.the All Terrain dog|Max,Jaci H.,Megan B.,2013-04-21,IABZ261ERNDTDJ5BLT9LYR5J6U8W2JZLVLMQ070MO8IZM89ALM
2,http://placekitten.com/g/500/500?user=263,2013-02-19,http://placekitten.com/g/500/500?user=2,Tide|layla|Lady,Jackie M.,Robert C.,2013-01-22,KE8T9HUYDX55NBDK7IPFRT6YYR7ZU36QORIJ25UUBIFZ27V2YY
1,http://placekitten.com/g/500/500?user=268,2012-05-04,http://placekitten.com/g/500/500?user=2,Max|Charlie|Lucky (charms),Heather E.,Stev R.,2012-02-07,LTE5E0ZP10FDAZKVCOCSUKYLC6H1PGAFXPYGQ6ZCBQ0V8QPIJG
4,http://placekitten.com/g/500/500?user=118,2012-11-13,http://placekitten.com/g/500/500?user=0,Bandit,Gail J.,Steve K.,2012-09-23,X9UG814EJF4P254LT3CXWO48XZG2ES18HUJCNE0M8OMCBMMFC2
4,http://placekitten.com/g/500/500?user=186,2012-11-09,http://placekitten.com/g/500/500?user=0,luna,Michelle B.,Sharon C.,2012-09-07,HOL1SH4HPL0YSDC6O8KQNVWNC0PMLB3Z8ZG1WWHS1A9WL2GMID
2,http://placekitten.com/g/500/500?user=91,2012-07-10,http://placekitten.com/g/500/500?user=2,Reggie|Chewy|Dorrie,Terre L.,Rachel B.,2012-04-17,ZGSA0QNIC59PNDMTG4OFJ503MGEFPMBZS6X93ZJQM6PHXI67X1
5,http://placekitten.com/g/500/500?user=180,2012-03-25,http://placekitten.com/g/500/500?user=1,skruffy|Dj,Jacob C.,Eliza V.,2012-03-13,IYWH7JZX0QY337I53SWRYBNHUT39F7BO6UPA2NDAL62OJ27RMF
1,http://placekitten.com/g/500/500?user=269,2012-04-08,http://placekitten.com/g/500/500?user=2,M-dog|Orion|Snowy,Kelly G.,Ashley  K.,2012-03-23,BW7EI0M13F8DXYH7S2L6WDHLCHG2N0OSECH83NPFW0QYVPD1KD
5,http://placekitten.com/g/500/500?user=88,2013-03-20,http://placekitten.com/g/500/500?user=1,Ember|Jacob,Pam L.,Dina L.,2013-03-18,P3D3ADFRYBCE066EKU0GJVUAXQ10NMO64BNTMVEJPHQ8AC9DJP
4,http://placekitten.com/g/500/500?user=318,2012-08-07,http://placekitten.com/g/500/500?user=0,Alice,Gardiner D.,Kristin R.,2012-06-22,2V2DLMP9COCAOKLSIYP4E3A56KF5I4E9S2ZEKSQBEX991FDQ03
3,http://placekitten.com/g/500/500?user=268,2013-02-22,http://placekitten.com/g/500/500?user=2,Bolt|Bailey|Sofie,Heather E.,Marisa M.,2012-12-17,4G7KBZB6LCV7X8BTEPFKRGECS4AY2PZEYADFQQWM4VPDQ8WA1O
1,http://placekitten.com/g/500/500?user=315,2012-11-22,http://placekitten.com/g/500/500?user=1,Jordan|Ramone,Sunshine V.,Lauren B.,2012-08-28,U9J0J4T8CIVKXBUEJPJFGE6ZIN49G21PKFVC1960YZHYW3KAJL
2,http://placekitten.com/g/500/500?user=104,2013-06-01,http://placekitten.com/g/500/500?user=1,Mamba|Bailey,Jessica E.,Nancy B.,2013-03-05,ELW1SATD419NZBOKRYWDQZ8C2SXKFMLT97SKXP7GDMQG5AX7O6
4,http://placekitten.com/g/500/500?user=234,2012-03-20,http://placekitten.com/g/500/500?user=1,Indie|Cody,Thana T.,Caroline J.,2012-03-12,6IASX0KPN22AQVIVTE4JP6BBFX4C9FPQQYB9JABX4DEBY0ZYDP
2,http://placekitten.com/g/500/500?user=109,2012-08-01,http://placekitten.com/g/500/500?user=0,Sonny,Fahreta  G.,Chasen   T.,2012-06-04,4N1TR7N8Y1TU0V5MPBTBC5L1HS29LQRF1B02V8F984QL4XU62Z
1,http://placekitten.com/g/500/500?user=84,2012-04-29,http://placekitten.com/g/500/500?user=2,Bogle|Butters|Skye,Carl P.,Aksana B.,2012-02-02,RT9J3JVD5HBD47N2M6XX5B6SSEGEALBLIPIILWOFKIQB1B38AJ
4,http://placekitten.com/g/500/500?user=286,2012-06-11,http://placekitten.com/g/500/500?user=1,Jordan|Ramone,Karen H.,Lauren B.,2012-04-18,6VEOUG0XV4SLZTI7P53SWSMWOMSDFZD28TT6T68Z7KSN4QZLON
4,http://placekitten.com/g/500/500?user=301,2012-07-04,http://placekitten.com/g/500/500?user=0,Oscar,Naomi B.,Michelle D.,2012-05-02,CIL2C2UOQ1T1FLCVMHW28CSP7ORR47NXOPHGZBWDBVEKGBXSEN
1,http://placekitten.com/g/500/500?user=325,2013-01-17,http://placekitten.com/g/500/500?user=0,Molly,Amanda P.,Lisa H.,2012-10-19,XYP5CG9RQIIUMXZN4T4FGHBBO31RXJL7BJZOHP8GQYIT079JUY
2,http://placekitten.com/g/500/500?user=115,2012-10-25,http://placekitten.com/g/500/500?user=0,Nico,Rachel K.,Pratima S.,2012-08-15,IR9PPLFT5R0QKQUNMEE2P1DDXLAV03KE5PE1YVSK50KNC44OOR
1,http://placekitten.com/g/500/500?user=156,2013-01-26,http://placekitten.com/g/500/500?user=0,Alice,Christina F.,Kristin R.,2012-11-27,3CB6RYWOFYVZ1572UXJN2668R6AFKBGYBX31MASIDQ6R5A963G
4,http://placekitten.com/g/500/500?user=95,2012-09-28,http://placekitten.com/g/500/500?user=2,Anna|Rocky|Finnlee,Kailyn G.,Stephanie C.,2012-08-26,DHL85PN74PW7JLD0FKJX3HO252KJUUL23LBNICOAHU25OE04L2
3,http://placekitten.com/g/500/500?user=320,2013-04-12,http://placekitten.com/g/500/500?user=0,Figaro,Joei B.,Britney B.,2013-02-15,KM3J4OEYI0LUVR12VZVRZZH2S44OJVX9CH64D7Z22JU433WI17
3,http://placekitten.com/g/500/500?user=222,2012-11-21,http://placekitten.com/g/500/500?user=0,Jackie,Lindsey C.,Meagan M.,2012-11-05,JFRIY1LOFUCZDBPZY1MNKU6Y799CCUJ3V5L1YBWG9XEBSDPUEM
4,http://placekitten.com/g/500/500?user=175,2012-07-08,http://placekitten.com/g/500/500?user=1,Roxy|Ozzy,Nelli B.,Jessica C.,2012-04-16,XSN70RWPOOA1NZN1HW987GH7KWMYDLMMTY0XT99H8ZGAPHKXVE
3,http://placekitten.com/g/500/500?user=208,2012-06-18,http://placekitten.com/g/500/500?user=1,Zeus|Rollo,Susan T.,Maureen  B.,2012-04-10,M99BXG0WN7DDLDLKDRWPT7C4QVUIYI15OB9XOBY54OV24G44R6
3,http://placekitten.com/g/500/500?user=107,2012-03-23,http://placekitten.com/g/500/500?user=2,Riley|Rajah|Lily,AJ H.,Madeline L.,2012-02-19,A4XUBAS0O5T2LPIKKKHDXCZE5AWKZP2CFQUJ83H30ER9IS302D
3,http://placekitten.com/g/500/500?user=347,2012-07-29,http://placekitten.com/g/500/500?user=1,Klaus|Sophie,Heather  R.,Maggie M.,2012-05-08,L7AE1XD2PEC1HP6WI3C408ZXUT0BAN7M961BH5GIKZUK4OB9IW
5,http://placekitten.com/g/500/500?user=156,2012-06-28,http://placekitten.com/g/500/500?user=1,Zero|Faye,Christina F.,Sasha F.,2012-05-16,GD100TOBH7FOYGP1KXFBG1UXR5UP67H6LT4G63GRL4JM5NMBZ1
1,http://placekitten.com/g/500/500?user=301,2012-04-30,http://placekitten.com/g/500/500?user=0,lilly,Naomi B.,Nora M.,2012-02-17,4OW2L2NKL8DX53FC55CMYSUJPEK9Y87JVK45JV79BXCJYPUSD0
5,http://placekitten.com/g/500/500?user=107,2012-08-02,http://placekitten.com/g/500/500?user=2,Chewie|Suki|Ziggy,AJ H.,Samantha O.,2012-06-28,EZFN1N0ALS2LMPZJPX4QN1NBES128YOV1PIGPP7O3LQYSM44AN
2,http://placekitten.com/g/500/500?user=160,2012-08-29,http://placekitten.com/g/500/500?user=2,Max|Charlie|Lucky (charms),Tom H.,Stev R.,2012-08-16,G5VWM000LTVTVCMJL0B639I6ISJEPIE9Q96FGXA8KMSVUP8P35
1,http://placekitten.com/g/500/500?user=175,2012-02-29,http://placekitten.com/g/500/500?user=2,Niki|Pepper|Zoey,Nelli B.,Chanel L.,2012-02-16,GJUPMIPD3YRLM4P8L5KSMJTJOYCLRL15MC75ZZ3K4D6KTBOL3M
5,http://placekitten.com/g/500/500?user=96,2012-02-24,http://placekitten.com/g/500/500?user=0,Schatzie,Gayle P.,Tristan R.,2012-01-02,2L8MY44X4MZL7ZRD9421V36SNZ6PR8ZGCZ9W2NTJQCC6T61QGA
1,http://placekitten.com/g/500/500?user=163,2013-04-21,http://placekitten.com/g/500/500?user=0,Figaro,Michael E.,Britney B.,2013-04-19,6EMREJ9WVSEKAW8ODD6RA8RDO7LPBNNCK7DTKL4V49ODS1VT4O
3,http://placekitten.com/g/500/500?user=343,2012-03-13,http://placekitten.com/g/500/500?user=1,Kashmere|Abby,Ashley H.,Sheri S.,2012-01-09,PMDROOZYQREWMZ6U0H1E5245DIL3B00QW8Y4356PSPUCWO69H6
1,http://placekitten.com/g/500/500?user=286,2013-04-08,http://placekitten.com/g/500/500?user=0,Bengy,Karen H.,Chris K.,2013-01-29,HM1AWA1LZB48GT9JY1139D0PVJFZ70PPFFV29U526SVQQVTNO9
1,http://placekitten.com/g/500/500?user=158,2012-08-13,http://placekitten.com/g/500/500?user=0,"""mama""",Tony L.,Vanessa B.,2012-06-15,IX4H2GL8XPJC3DHUO5P9CS1Q78Q8R1DXOXMJEX4HKRT5I95NBT
3,http://placekitten.com/g/500/500?user=199,2013-05-17,http://placekitten.com/g/500/500?user=2,Blackie|jack douglas waddle|Buttercup,Carmen C.,David R.,2013-04-15,DY6T0375YJJ19UKCM3I7BG1ZCJ2PWJDTV7XGV5TY6UQ9BY81OI
3,http://placekitten.com/g/500/500?user=157,2013-04-11,http://placekitten.com/g/500/500?user=2,Daisy|Lily|Nellie,BOB M.,McKinley S.,2013-03-26,FSCW4BC89EQ97XIVPY1P1TVY4M9UBJCL2CMOZUV7937D23T182
4,http://placekitten.com/g/500/500?user=12,2012-05-13,http://placekitten.com/g/500/500?user=1,Zero|Faye,Shelli K.,Sasha F.,2012-03-22,VMG5O2NVQKDESK865J0SC81CF73UCG6B0BSZVSC46T9F3T1QPL
3,http://placekitten.com/g/500/500?user=84,2012-03-29,http://placekitten.com/g/500/500?user=1,oscar|Zoe,Carl P.,Sandra B.,2012-02-28,WQQLLYUYL7YGITSDR5FTT77Y8KQL3LWNRYDPNTZX5C52HJK3J7
2,http://placekitten.com/g/500/500?user=51,2013-02-01,http://placekitten.com/g/500/500?user=0,Max,Pat B.,Gary B.,2012-11-09,IPLL93OWKWDKY328CBE9DMRN191HTQRLBYYNOC22I8UINLKYYY
2,http://placekitten.com/g/500/500?user=301,2012-05-24,http://placekitten.com/g/500/500?user=0,Jenna,Naomi B.,Walt R.,2012-04-20,6LU05XAPITKB72G0RD1R8RM80LJI32EKKCXKY6GL5D4X5E4X1M
5,http://placekitten.com/g/500/500?user=198,2013-03-24,http://placekitten.com/g/500/500?user=2,Chewie|Max|Coco,Desislava K.,Kathy D.,2013-01-06,91K0XU8LODME5T9VMN5OV8V1B1CK8REFOMBJQI63NA8OIP1EOX
3,http://placekitten.com/g/500/500?user=194,2012-03-25,http://placekitten.com/g/500/500?user=1,Annie|Zoey,Camille A.,Matthew Ryan H.,2012-03-13,L9WOOC6XY893N5HYW1IY4ZKTM2D1KDMQBMKL1GPKHHJ2ZURKTL
5,http://placekitten.com/g/500/500?user=194,2012-03-22,http://placekitten.com/g/500/500?user=2,Mars|Brite Eyes|Gem,Camille A.,Kim S.,2012-03-21,UORIS5HXGJ6Z2L5HLDQ85D40V5HCIP3Y4GINH9476M28IT3EGB
5,http://placekitten.com/g/500/500?user=196,2013-06-01,http://placekitten.com/g/500/500?user=2,Woodford|Roxy|Ariel,Rita S.,Missy S.,2013-03-08,YEGJ4A3CBF69B9G3PMNWJACUEUL0AM431UGF3TZP3QBF28D3NA
5,http://placekitten.com/g/500/500?user=226,2012-11-27,http://placekitten.com/g/500/500?user=1,Zahra|Rocky,Ben F.,Maria R.,2012-09-30,IJICEFO3HC2R828WRZISXWV5K9EQAKCDKLNGKG0NRF4OBVQ4CF
1,http://placekitten.com/g/500/500?user=329,2012-03-28,http://placekitten.com/g/500/500?user=0,Kahlua,Cl K.,Justin K.,2012-02-09,B3O33KGTT6CDZC366R93WVWH7JZZKW5A1ASE5CRR30BOOP3VIG
3,http://placekitten.com/g/500/500?user=234,2012-11-04,http://placekitten.com/g/500/500?user=1,Annie|Zoey,Thana T.,Matthew Ryan H.,2012-08-27,HAOB9RDUT0I720S4UXUGXB5CONYUHV2QC5C2A1EFOT1OGG9HO5
4,http://placekitten.com/g/500/500?user=12,2012-07-22,http://placekitten.com/g/500/500?user=2,Pinot Grigio|Penny|Houston,Shelli K.,Laura K.,2012-06-10,Z39VTRIN1FEDF0MHZ360F0M31PNE8690FUQQF516HJ636VOQNC
2,http://placekitten.com/g/500/500?user=329,2012-05-14,http://placekitten.com/g/500/500?user=0,Lola,Cl K.,Jeni H.,2012-04-23,J5ASX5PBYKBO2GLUEHBCPF16BU7U015I17VTMU431DQ8EX6IYB
4,http://placekitten.com/g/500/500?user=163,2013-07-10,http://placekitten.com/g/500/500?user=0,missy,Michael E.,Ariel R.,2013-05-04,ERRI4Q28C3GN035YZT8777W93ML4U36BQHI4C8YW27QKCLNTPL
3,http://placekitten.com/g/500/500?user=217,2012-12-20,http://placekitten.com/g/500/500?user=1,Annie|Zoey,Lindsay H.,Matthew Ryan H.,2012-10-22,TIONKT4FJ9TJHC1JK8TESL8OJGHO2FU8HW6X2RA7JX7SV2VXWY
1,http://placekitten.com/g/500/500?user=55,2012-07-19,http://placekitten.com/g/500/500?user=2,Banjo|Nala|Scooter,Ryan A.,Cynthia L.,2012-05-13,T4T5AASE40KO92E4844UAAVTSAC2D9BUIODDL040LIF522K21K
3,http://placekitten.com/g/500/500?user=158,2013-01-09,http://placekitten.com/g/500/500?user=0,Jackie,Tony L.,Meagan M.,2012-12-31,94J4T3AMSDTNPFV988G7ZGRPZIGD85AVM42B927FVPLACBWYL2
3,http://placekitten.com/g/500/500?user=301,2013-02-21,http://placekitten.com/g/500/500?user=0,UK,Naomi B.,Heather R.,2013-01-24,QS2XIS59LE0SJFOH3WXQQNCA6B1SJCYCZOUWO4CODC2H1PK5MN
3,http://placekitten.com/g/500/500?user=192,2013-02-07,http://placekitten.com/g/500/500?user=2,M-dog|Orion|Snowy,Nelson M.,Ashley  K.,2012-12-23,OJN4UQ6HON7G9OKFK5P108HMTIL7MYOD4J7UOWRDY3MKISR6LD
1,http://placekitten.com/g/500/500?user=118,2012-04-13,http://placekitten.com/g/500/500?user=2,"Scamper|Issy, Bill and Marcella|Mottley",Gail J.,Brandon B.,2012-03-18,17422L0R31UQ4N0SHMFNG8O7262CKEFUAX4XQZPOTAJKVX4K2U
1,http://placekitten.com/g/500/500?user=234,2012-10-10,http://placekitten.com/g/500/500?user=1,Klaus|Sophie,Thana T.,Maggie M.,2012-10-03,WL9QYMJ0IY2RKPEO72TO03PWCSCBDODDHKJUF7IH0OLYJ24EPK
4,http://placekitten.com/g/500/500?user=284,2012-04-05,http://placekitten.com/g/500/500?user=0,Panini,Faridah D.,Melinda G.,2012-04-03,HV0JQC6XAIBBWE8VOLWZENFRWBXL8TGATZVN3MQOUQVGGPC12M
3,http://placekitten.com/g/500/500?user=105,2012-11-03,http://placekitten.com/g/500/500?user=1,Moxie|Chance,Bruce M.,Jordan  R.,2012-09-09,QD5L8MJFREXEHU20VN2A2D5V3DQ1OQK5FX5TZOJA23XQMAZWU4
2,http://placekitten.com/g/500/500?user=11,2012-11-21,http://placekitten.com/g/500/500?user=1,Moxie|Chance,Kerry C.,Jordan  R.,2012-11-20,5AWB61YY2O7EBVAPET6FED9U321HK3X4055UUAQ9IFEK6CJ7BJ
4,http://placekitten.com/g/500/500?user=84,2013-01-15,http://placekitten.com/g/500/500?user=0,Alice,Carl P.,Kristin R.,2013-01-07,WJVXP1WNASSZNO8ZQKRTXP749P875ELYYWHQ5ZM7IJ9I8C3NAF
4,http://placekitten.com/g/500/500?user=55,2013-03-19,http://placekitten.com/g/500/500?user=1,Boree|Maisey,Ryan A.,Nilda C.,2013-01-23,RKJHOBTH9PFVDM52KJV0KBJIDEG018ERMB247UG2YQ4ZI8STZS
4,http://placekitten.com/g/500/500?user=39,2013-05-03,http://placekitten.com/g/500/500?user=1,Sammy|Daisy,Alex F.,Samantha S.,2013-04-16,YYBNY0WCB08TDJEWYTUBAT8V54T4WNX80QD1I3XUBKMDWAQFXX
4,http://placekitten.com/g/500/500?user=110,2012-07-20,http://placekitten.com/g/500/500?user=2,Puffy|bella|Carmel,Charla H.,Ali P.,2012-06-16,ALRBU29MBDBRY03NB4E0YH2DGUXHCLMW28PHCE2KDHN25CPSD7
1,http://placekitten.com/g/500/500?user=28,2012-12-31,http://placekitten.com/g/500/500?user=0,Molly,Alexander N.,Lisa H.,2012-11-25,MBITKFA73O3TLYS7WIC3C827LC413IZXHKZEVP4LA5BHN133KS
5,http://placekitten.com/g/500/500?user=136,2013-01-13,http://placekitten.com/g/500/500?user=2,Puffy|bella|Carmel,Steven J.,Ali P.,2012-12-17,BGPNGTOEUE9BM9U81VCKQT4H11SBY570U7M76ZW2NYM4SLKFCD
5,http://placekitten.com/g/500/500?user=12,2013-01-09,http://placekitten.com/g/500/500?user=2,Rosco|Lego (Legolas)|Bella,Shelli K.,Demerie S.,2012-12-03,WSOERTPJ9XB90YT76XA3MV5IBHYVHQHZNDMEWTPEB7J6CO1ZOU
3,http://placekitten.com/g/500/500?user=301,2013-04-05,http://placekitten.com/g/500/500?user=1,Djanjo|Boss,Naomi B.,Theresa K.,2013-03-30,KZQBSEPJDZVK16U9VMOB4AF8V02AD5C7G2HUOQEHDEDFM3R5O1
2,http://placekitten.com/g/500/500?user=91,2013-05-14,http://placekitten.com/g/500/500?user=0,Storm,Terre L.,Glen O.,2013-04-11,7AP3C0GUDHO0MM46WQNGO16F2OYQF1QGZ9YD54IJBKLGGYDCWX
1,http://placekitten.com/g/500/500?user=264,2012-06-08,http://placekitten.com/g/500/500?user=0,Kahlua,Rachel R.,Justin K.,2012-05-22,P4IR3ZIQBMGMFVB2P3RZ0D4JRT7UTFHBLUTJAJ0ERJQX4CDMKA
2,http://placekitten.com/g/500/500?user=88,2013-03-14,http://placekitten.com/g/500/500?user=1,Rex|Henri,Pam L.,Patricia L.,2013-01-18,K3HRZHWO9IK13DKJ2P8RVZ1O5FJFTBYYC9PXHBI83SOVQD7EB4
2,http://placekitten.com/g/500/500?user=156,2013-02-08,http://placekitten.com/g/500/500?user=0,Oscar,Christina F.,Michelle D.,2013-02-03,58ZLLSCPHW7P6BM8QOSFSW271L2LQH0ZYDE12D293IK37EQ10T
3,http://placekitten.com/g/500/500?user=52,2012-02-22,http://placekitten.com/g/500/500?user=1,Amos|Sable,Gregory P.,Kelley A.,2012-02-18,91U0ABM6AAFLWK5ZNP2G2DGCVFH3BCXGE37U0Z18DUWMG8J9KD
5,http://placekitten.com/g/500/500?user=268,2013-03-07,http://placekitten.com/g/500/500?user=2,Webber|howie|Goldie,Heather E.,Kandace L.,2013-01-21,WE2ZBA2PAILUJOHLXDFRH7FAURFTTPWMMXCCIU1BZFFPJYHO3O
5,http://placekitten.com/g/500/500?user=317,2012-04-24,http://placekitten.com/g/500/500?user=2,Anna|Rocky|Finnlee,Stephen W.,Stephanie C.,2012-02-23,JEHX62U3LHQ741A02WVJCW7MALUK6EVUMGAMZMMNPIZF68K4JR
4,http://placekitten.com/g/500/500?user=41,2012-07-23,http://placekitten.com/g/500/500?user=1,Jordan|Ramone,Billie R.,Lauren B.,2012-04-30,HAXYQ8UY8RBXWXVZ856V5ZPD9AC0MFM7FUCKTQPR0S54RMUFYX
5,http://placekitten.com/g/500/500?user=208,2012-07-26,http://placekitten.com/g/500/500?user=2,Dayo|Max|Breck,Susan T.,Kate S.,2012-06-30,JTJ36J1J9XJ23Z7I32US34GFJ2GX442SFSQ8GNO71F0U23WZMM
5,http://placekitten.com/g/500/500?user=301,2012-06-14,http://placekitten.com/g/500/500?user=2,Bailee|Beau and Dante|Olive,Naomi B.,Christine H.,2012-04-06,YHUZ886PD39G4TMNL9NE5ML6V4CGF8Q0TARA32F9GO9PPHBOSK
2,http://placekitten.com/g/500/500?user=194,2013-02-10,http://placekitten.com/g/500/500?user=2,Chewie|Max|Coco,Camille A.,Kathy D.,2012-11-26,P1JDPMDDTXHOJ8CJS5SDFLEFKRBBCNTKJS0ZIOPAGMW99NDKNN
3,http://placekitten.com/g/500/500?user=107,2012-02-11,http://placekitten.com/g/500/500?user=0,Lucy,AJ H.,Amy W.,2012-01-20,ZKWUNBG2VFNLKOEXU0N96CUKUE8AKEC9ZTHAA6KYSKZN6FNWLQ
3,http://placekitten.com/g/500/500?user=325,2012-01-29,http://placekitten.com/g/500/500?user=2,Duke|buddy|Zara,Amanda P.,Kelly J.,2012-01-04,GB1D5QHJ8MSEVT4Y0S3G2KPCCA5SWQV7T154JEKGSSDUSUGFPA
1,http://placekitten.com/g/500/500?user=304,2013-03-24,http://placekitten.com/g/500/500?user=1,Jordan|Ramone,Marie M.,Lauren B.,2012-12-24,QAKVNTO77SFRS32IRV1MKUV3QNA596GMZXRXNODY3WGT8K7Z0O
2,http://placekitten.com/g/500/500?user=41,2013-06-13,http://placekitten.com/g/500/500?user=0,Jenna,Billie R.,Walt R.,2013-04-04,XYYXDBCRZVU21QXNV50VX28HI3D3YWCLDCZ3RSEZ8KHTY019SU
4,http://placekitten.com/g/500/500?user=170,2013-02-13,http://placekitten.com/g/500/500?user=1,Brady|Piper,Emily G.,Cristina A.,2012-11-17,SL7VRP09SF4RJXBKNX7F2A7B7F5E6KM8FJCXAB8QGH7GQHWOP1
1,http://placekitten.com/g/500/500?user=209,2012-06-12,http://placekitten.com/g/500/500?user=0,luna,Dodie K.,Sharon C.,2012-06-10,PAWQB6YWL93EH4W5U5IMBPN69949YBKEEHJT0OOP8GS4V8B3GE
5,http://placekitten.com/g/500/500?user=41,2013-04-11,http://placekitten.com/g/500/500?user=1,Sidney|Bailey,Billie R.,Jim S.,2013-01-20,KS7V346VQOXH78XXWYDD97TRO7UHCJTHSNJG3NJC8G2NKV17CX
2,http://placekitten.com/g/500/500?user=96,2012-02-29,http://placekitten.com/g/500/500?user=1,Ember|Jacob,Gayle P.,Dina L.,2012-02-25,V3JCPAKGVUIUIIBRMTGRU5SZSNWY95JQFBWK3I6UE37KW3EO55
4,http://placekitten.com/g/500/500?user=146,2012-03-08,http://placekitten.com/g/500/500?user=0,Jenna,Alisa U.,Walt R.,2012-02-15,97FF6WPOGWMBZNVH9ZH16BQ9H2BJEUE9Q2VGFVAFHB2B5K1GB5
5,http://placekitten.com/g/500/500?user=299,2013-03-14,http://placekitten.com/g/500/500?user=1,Gavin|Rain,Erica M.,Cherie P.,2013-03-06,3QNEAT1F0ARIBE3MG1W9YL3EIJGAVB646XXXHX0285YAZYZIJ6
2,http://placekitten.com/g/500/500?user=320,2013-05-04,http://placekitten.com/g/500/500?user=0,Schatzie,Joei B.,Tristan R.,2013-03-24,Z98WJICWFXM6AM94Y885ITL18C0AW85ZZUFPNQNV42GXOEC5RE
4,http://placekitten.com/g/500/500?user=144,2012-10-10,http://placekitten.com/g/500/500?user=2,Rascal|Brooke|Roxanne,Faker K.,Susan L.,2012-09-02,SB8MZ4GG0FD45PNOPQ72DS3FWCRUFI6X8JCWWPFZY15WUODVNG
1,http://placekitten.com/g/500/500?user=325,2012-09-24,http://placekitten.com/g/500/500?user=0,Sassy,Amanda P.,Mel P.,2012-08-25,FH90BCUSL4GA0ID283QT895GG2RGFE06J1ZHYPEO1Y2BK79ZJ6
1,http://placekitten.com/g/500/500?user=229,2012-09-23,http://placekitten.com/g/500/500?user=1,Djanjo|Boss,Janine S.,Theresa K.,2012-08-26,SFU2B3GC8SLPJ2BC7PNGPNRUDOLTFU9SLUY702NHJV3F6JMUKN
5,http://placekitten.com/g/500/500?user=234,2013-01-08,http://placekitten.com/g/500/500?user=0,Buk,Thana T.,Julie X.,2012-10-20,GO0MKRF1RAC7JDFNQEMUCXF0HR69HIJFY5JKK0TGPAVNPZMPKB
1,http://placekitten.com/g/500/500?user=95,2013-04-24,http://placekitten.com/g/500/500?user=1,Klaus|Sophie,Kailyn G.,Maggie M.,2013-02-01,5URWYHC4HS4T079L70IKCAUJHXYWIK694Q8K3PB04CZZ8NYIEY
1,http://placekitten.com/g/500/500?user=167,2012-09-27,http://placekitten.com/g/500/500?user=0,"""mama""",Michael H.,Vanessa B.,2012-09-08,UIHWDEKU4KD1ZBEMZOJ5DIF5MBOLGYX88QW58J3FH11BZ2S4KF
4,http://placekitten.com/g/500/500?user=5,2012-08-25,http://placekitten.com/g/500/500?user=2,Harley|Janja|willow,Maria W.,Danielle D.,2012-06-22,88PER7QYSTBDMWXG2VNQFA9UK49NOLVTUWEPRYJJUGAX92853A
4,http://placekitten.com/g/500/500?user=204,2012-04-29,http://placekitten.com/g/500/500?user=0,Baxter,Ken K.,Becca M.,2012-02-26,MPJL3L57RKGCZ8U6RMBLAUCHCY5VMM01EA2KINUN86DEF0DM34
1,http://placekitten.com/g/500/500?user=211,2012-04-11,http://placekitten.com/g/500/500?user=1,Bo|Sansa,Heather T.,Katy H.,2012-02-15,5U2DZNU4585IYRH4ND3XCTL8ZCP2OQFK1M7LZ0960100G8N870
2,http://placekitten.com/g/500/500?user=310,2013-07-09,http://placekitten.com/g/500/500?user=1,Daphne|Husk,Jennifer W.,Ariel S.,2013-04-11,ZH2J1TJO5Y48FN0XUWG9TPKPQG2OCFUVJRYFYB5JN9Y39ZSMW7
3,http://placekitten.com/g/500/500?user=146,2012-06-15,http://placekitten.com/g/500/500?user=0,Mali,Alisa U.,Paul and Nancy M.,2012-03-30,MW7UKQC41JHA2JINAQ6NH1FUOPFCZ0S3AH6CKTP6YYS86KDKXP
1,http://placekitten.com/g/500/500?user=196,2012-05-08,http://placekitten.com/g/500/500?user=2,Reggie|Chewy|Dorrie,Rita S.,Rachel B.,2012-02-18,PTZ7VWGZ4FRSD26C98J7ZJONJJMQ8THEUWYGURFTQ92Q4CF46Z
5,http://placekitten.com/g/500/500?user=310,2013-05-09,http://placekitten.com/g/500/500?user=1,A.T.the All Terrain dog|Max,Jennifer W.,Megan B.,2013-03-18,2FF032UY3IM3ZON8OQT0WOE5J152Q7O59GIP3RICUTQHIDCZFP
3,http://placekitten.com/g/500/500?user=110,2012-10-17,http://placekitten.com/g/500/500?user=0,Abby,Charla H.,Lottie  C.,2012-08-28,IYACXVH8T66N2MPCQYMVT5BSWRGTZDCX73BW7W4LBL49CZYDV0
2,http://placekitten.com/g/500/500?user=196,2013-04-28,http://placekitten.com/g/500/500?user=0,Jackie,Rita S.,Meagan M.,2013-03-20,9AZA6H6HMBJ65IEKLF1N1R36F3763PRLI1DM1GVM4TMLKNXYTW
2,http://placekitten.com/g/500/500?user=217,2013-07-06,http://placekitten.com/g/500/500?user=1,Madisson|Jax,Lindsay H.,Harold G.,2013-04-22,XKH5BZ01MJD4EN6FOWMJEG6SLNT2N07U3Z0NARW9NU6V1XKENQ
2,http://placekitten.com/g/500/500?user=226,2012-03-17,http://placekitten.com/g/500/500?user=0,Molly,Ben F.,Lisa H.,2012-02-08,9MSTQ7SST3RABWJM6XEWTD5PI2YQQBQX4UBU5GO4YHLIKOEJ4U
5,http://placekitten.com/g/500/500?user=167,2012-09-14,http://placekitten.com/g/500/500?user=1,Moses|Monty,Michael H.,Allyson D.,2012-07-03,HLKCGE5KHEOGFI4EH862BRQGHD6S2N2JNTYKKPVHHI77VG9V7F
3,http://placekitten.com/g/500/500?user=112,2013-01-23,http://placekitten.com/g/500/500?user=0,DOMO,Michelle M.,Ellen  F.,2012-12-30,9UZ932FOO904TBVOSR8QZ55AKGRLC6SEM2HJA4IZD0MEIHBL1B
5,http://placekitten.com/g/500/500?user=343,2012-10-27,http://placekitten.com/g/500/500?user=1,Eddie|Ducky,Ashley H.,Hilary S.,2012-10-22,4THPWBJVKMSVTEKMSPLW3B7W6MJNFKWHWR1U27L9XJ942H4ZF0
4,http://placekitten.com/g/500/500?user=121,2012-12-19,http://placekitten.com/g/500/500?user=1,Kobe|max,Cooper P.,Caitlin S.,2012-12-08,LXZ3XYO4P3Z0MOWJPJFYZ513W0YSI2BLSJWX5MOLHJGKM8GHGN
4,http://placekitten.com/g/500/500?user=208,2013-04-29,http://placekitten.com/g/500/500?user=0,Schatzie,Susan T.,Tristan R.,2013-02-11,Y87SE4BUEMUPVC764K8DGAGBSKZC46342AMO0ZOC3RH9UHJXXS
4,http://placekitten.com/g/500/500?user=84,2012-07-23,http://placekitten.com/g/500/500?user=1,chester|Rocky Yuan,Carl P.,Leah S.,2012-05-02,41V7N246ZF8RFSGZP0BSFPSY8JKHTRY059LO1VQ88KB5GJ234X
1,http://placekitten.com/g/500/500?user=136,2012-07-25,http://placekitten.com/g/500/500?user=0,Koby,Steven J.,Kathy M.,2012-07-01,BL26DAJ77L7F8CDP4RBGHAD5WUO8IYTIHSVW7O2QGLHOWKWS4A
3,http://placekitten.com/g/500/500?user=209,2012-07-06,http://placekitten.com/g/500/500?user=1,Gypsy|Lupe,Dodie K.,Jim H.,2012-06-22,Q3SPUJWKJMDSL2YF8OPEI08L95Q147JRO1G2UWX7LT68NNFUO4
1,http://placekitten.com/g/500/500?user=61,2013-03-18,http://placekitten.com/g/500/500?user=0,Molly,Esther G.,Lisa H.,2013-02-22,70THSZDQ3HMHK7JLMIY2PIOVIX87KTZWK1SJ7LLQYT5JFOYP8N
2,http://placekitten.com/g/500/500?user=28,2012-03-28,http://placekitten.com/g/500/500?user=1,Moses|Monty,Alexander N.,Allyson D.,2012-03-24,KKONTTGLMHUBXS6DX8PQWA8R851QI6M82LYUD037O2M21IQ387
1,http://placekitten.com/g/500/500?user=321,2012-08-26,http://placekitten.com/g/500/500?user=1,Kobe|max,Lauren M.,Caitlin S.,2012-08-10,1GULQHWHZU7OY31DVMD5PAX2BEUUBFITZX7L42SDGTWVQNEZLM
2,http://placekitten.com/g/500/500?user=290,2013-04-27,http://placekitten.com/g/500/500?user=0,Bo,John G.,Jillian D.,2013-02-25,ZKBN7U40DBGZKIMGL3KOYI6C53B2RGCFDP71YG45NW6IDA7CF9
2,http://placekitten.com/g/500/500?user=163,2012-10-17,http://placekitten.com/g/500/500?user=0,Lulu,Michael E.,Elisabeth L.,2012-09-13,PPR82HZJCM38WWWHNDDHE4UPBW1LGNZ87VSB4FAMK2LZ5Q0FGC
3,http://placekitten.com/g/500/500?user=301,2012-12-24,http://placekitten.com/g/500/500?user=2,Mars|Brite Eyes|Gem,Naomi B.,Kim S.,2012-10-22,84XC567NZP4U5X7W58H6SFAZNFE0GA17HJ97IWPX0YW3GZ934E
4,http://placekitten.com/g/500/500?user=233,2013-03-13,http://placekitten.com/g/500/500?user=1,Scooter|Timber,Josh B.,Nancy O.,2013-01-09,AHA6I6ZKLYXD8JXGRK74DFYBAAYOWX051Z18YJ8QY5VOSM8G0S
3,http://placekitten.com/g/500/500?user=167,2012-03-09,http://placekitten.com/g/500/500?user=2,Banjo|Nala|Scooter,Michael H.,Cynthia L.,2012-01-24,B21BQ8ZVE7D16GH0O57JE6IV3RNVJ9WPNBB5SFP6OQ4S0MUVP8
2,http://placekitten.com/g/500/500?user=101,2013-06-04,http://placekitten.com/g/500/500?user=1,claudio|Crosby,Jennifer R.,Autumn G.,2013-05-03,4U63ROH5JP0NL33CR6V85OPFBPP9DDOE6HRLLJU3B6CVZHS87H
3,http://placekitten.com/g/500/500?user=341,2012-08-08,http://placekitten.com/g/500/500?user=1,Rex|Henri,Dustin M.,Patricia L.,2012-07-26,UP47T3FA58ZQFQR1RT2N22P8B3NWP3J1ADDKE4E02P6B3AA1XV
5,http://placekitten.com/g/500/500?user=169,2013-03-12,http://placekitten.com/g/500/500?user=1,Lucky|Lily,Maria M.,Anjii C.,2012-12-24,W48ORCIQT7DGZEPKD9CPEGTOQZVAK1B8DYJWRE5DHB10XWA8E3
5,http://placekitten.com/g/500/500?user=217,2012-02-09,http://placekitten.com/g/500/500?user=0,Buk,Lindsay H.,Julie X.,2012-01-03,R8RR3SH2DX5NXFZVSUQ4PCRWK4HKY35BF8DTTIXV4RKJMQH1X2
4,http://placekitten.com/g/500/500?user=55,2012-06-09,http://placekitten.com/g/500/500?user=1,oscar|Zoe,Ryan A.,Sandra B.,2012-03-15,MWBLV388QWG7K973XFC9VCLPQAH6C1D357TMML8MF9UNV0HUOJ
3,http://placekitten.com/g/500/500?user=329,2012-10-01,http://placekitten.com/g/500/500?user=1,Doug|Maxwell,Cl K.,Kacy N.,2012-09-22,U3L9TSTVO8RPZMVESWJ5GVPY6GRT0XHXLKFY5X4XJXNI2J247S
1,http://placekitten.com/g/500/500?user=160,2012-08-01,http://placekitten.com/g/500/500?user=1,Madisson|Jax,Tom H.,Harold G.,2012-06-18,QFBAMESX7WZIUV2TXLOB31LUEYV1S3NPVRXY1U1GPZ0FDXE7X3
1,http://placekitten.com/g/500/500?user=169,2012-09-03,http://placekitten.com/g/500/500?user=1,Sophie|Megan,Maria M.,William P.,2012-08-02,OIL6KSCMSRO65IMHACKNO6R6OPMA28982Q5K4JIA1LX7FX4ZK8
4,http://placekitten.com/g/500/500?user=204,2012-11-13,http://placekitten.com/g/500/500?user=1,Lucky|Myra,Ken K.,Jasmine R.,2012-10-28,55CY3D6IY04CT5CHMW690F84XVCMV824UDUVIZYZ0FU34SYVIH
2,http://placekitten.com/g/500/500?user=58,2012-03-09,http://placekitten.com/g/500/500?user=0,Bandit,Patty C.,Steve K.,2012-01-31,YXE3JEQ7PCDFTZKUDVW78OA9ZP5LDB8BEEDPZDBT8ZU0V0T08D
2,http://placekitten.com/g/500/500?user=112,2012-12-26,http://placekitten.com/g/500/500?user=2,Please Change Dog Name|Ollie|Pongo,Michelle M.,John  G.,2012-10-05,36ZJL0Z66VXZL407192E0RPRV1HOW48KVHVSOYNALYGDAU08UF
4,http://placekitten.com/g/500/500?user=287,2012-10-18,http://placekitten.com/g/500/500?user=2,Bolt|Bailey|Sofie,Anna Marie W.,Marisa M.,2012-09-10,U1VVVF4CBDCTMEZNJS0BYO72IAAW1ERY754DS5H96LR5XZ24AD
4,http://placekitten.com/g/500/500?user=263,2012-10-07,http://placekitten.com/g/500/500?user=2,queen|Walter|R2-D2,Jackie M.,Lorraine B.,2012-07-27,TNKDVUH4CNI12Y1YKC9AH3593JEMTHB0WAGIS4S5P55GVBUNA1
4,http://placekitten.com/g/500/500?user=112,2012-10-03,http://placekitten.com/g/500/500?user=1,Dakota|Honor,Michelle M.,Lindsey P.,2012-09-19,U2BVESDVW2IU1O2KIT2OHJNY4MSIHIE8NZONE4ZZ6SWIXE32GS
2,http://placekitten.com/g/500/500?user=315,2012-04-16,http://placekitten.com/g/500/500?user=0,Katie,Sunshine V.,Marilyn  G.,2012-02-25,5WJXMQG43QKW83DGQU21NBKGLT4GAVZ74QOSAFYOHJNAPZ2WXY
1,http://placekitten.com/g/500/500?user=125,2012-02-08,http://placekitten.com/g/500/500?user=2,shomi|Li-Lu|Maggie,Arvin David N.,Matthew S.,2012-01-24,VC9QJ8W4PL14OPZMTED0NNJB5ARKH5LITTSMKX9CXCQ0EZOX50
5,http://placekitten.com/g/500/500?user=121,2013-06-19,http://placekitten.com/g/500/500?user=0,UK,Cooper P.,Heather R.,2013-03-29,VQ83FDBORRIC83NJJJ2J604HB6TBXLPP8M6936V2FGNTLXTC5I
4,http://placekitten.com/g/500/500?user=320,2012-10-01,http://placekitten.com/g/500/500?user=1,Kobe|max,Joei B.,Caitlin S.,2012-07-30,2FFE5UH7PHHN7S1P2OCJ7N4RZ1S1MTAI7IVSE39G6QYSDP3TY7
4,http://placekitten.com/g/500/500?user=61,2013-02-09,http://placekitten.com/g/500/500?user=0,Katie,Esther G.,Marilyn  G.,2012-12-26,LJN4WD57FM65JTGFHLHBPN3OFZG7IQN65GCHLLLVEZ43OFS511
5,http://placekitten.com/g/500/500?user=107,2012-08-12,http://placekitten.com/g/500/500?user=0,Ace,AJ H.,Kurt W.,2012-08-09,M11VD6TOF81SJ3FUTLUOHMBEGKU8QUPDIHET7CNWCCV2G4VTBM
2,http://placekitten.com/g/500/500?user=156,2013-03-09,http://placekitten.com/g/500/500?user=0,gus,Christina F.,Kevin H.,2012-12-29,25BD6DMX4497UGRCLGXR1C7GOP1FRXO0VTWFBB879M3GYU107C
1,http://placekitten.com/g/500/500?user=259,2013-03-09,http://placekitten.com/g/500/500?user=2,Mally|Dolce|Ysabelle,Monica  D.,Anne and Kirk B.,2013-02-21,GH05SAZGTRT8QN1HTJN5NYS9LREQ0N8E1AZQ02CZOQBNPIPXXV
1,http://placekitten.com/g/500/500?user=11,2012-07-06,http://placekitten.com/g/500/500?user=2,6 dogs 6 cats|Gary|chewy,Kerry C.,Lauren W.,2012-05-23,JFDRVWKK69GLD1D25DFFBB8ZJKXY75S5330YGKBVQXXYQGC557
2,http://placekitten.com/g/500/500?user=290,2012-12-13,http://placekitten.com/g/500/500?user=1,Bodie|Dugan,John G.,Stephanie B.,2012-11-02,P7YTORHX626MMFAX11F1NGZGZVLJSCACGJJA4E20G2D4NIIFTS
3,http://placekitten.com/g/500/500?user=234,2013-03-27,http://placekitten.com/g/500/500?user=1,Tibby & Penny|Binky,Thana T.,Anne T.,2013-02-19,LMPOUTHODIC94K6OANNHIOQDNPHJG1LPEXCQV5H28JO2FPIYJ2
1,http://placekitten.com/g/500/500?user=51,2012-07-25,http://placekitten.com/g/500/500?user=2,Tide|layla|Lady,Pat B.,Robert C.,2012-05-02,24KH0WWYKYJDKDLFOPUX2RYLYIB1JMLTSSA1D496L7EFYBIQ8G
4,http://placekitten.com/g/500/500?user=91,2013-01-27,http://placekitten.com/g/500/500?user=2,Cleatus|Webster|Boo,Terre L.,Jenna J.,2013-01-21,CE5SEAGGMZ6ZWXT5YFI07QXMW0LH7UJUOTUAJ4Z4C2TOKPTTIW
1,http://placekitten.com/g/500/500?user=52,2013-07-16,http://placekitten.com/g/500/500?user=1,Sophie|Megan,Gregory P.,William P.,2013-05-13,JCI70ZKNNQOA6PADX85K8RMCYCB3YM49R2BK7T0BIG4D2XKOT2
4,http://placekitten.com/g/500/500?user=115,2013-06-14,http://placekitten.com/g/500/500?user=2,Tide|layla|Lady,Rachel K.,Robert C.,2013-03-16,YNI3QYX3WSBT5LHPCLB1I8J3NUP3740KTS3GMY4L0SWNCP470V
1,http://placekitten.com/g/500/500?user=264,2013-04-04,http://placekitten.com/g/500/500?user=2,Chewie|Suki|Ziggy,Rachel R.,Samantha O.,2013-01-22,XJ6TW4RFVYG4UVEB33L7APUGALO8FBIMTO1GJDXJ7GIDH3AWRX
3,http://placekitten.com/g/500/500?user=175,2012-08-30,http://placekitten.com/g/500/500?user=2,Cosmo|Zizou|Piper,Nelli B.,Brandon A.,2012-07-29,SOHY0XYSYEHFHXM88NHG2B8V10E5H13IP4NB243GSL7NHSYAH8
3,http://placekitten.com/g/500/500?user=157,2012-12-23,http://placekitten.com/g/500/500?user=1,Rex|Henri,BOB M.,Patricia L.,2012-11-12,HKW39SEQJ0KQV9EBJPWA1HIHF7YXFFVRXNVUC2R9XWPTG67K4U
3,http://placekitten.com/g/500/500?user=121,2012-04-19,http://placekitten.com/g/500/500?user=1,Elsie|Gucci,Cooper P.,Sandy O.,2012-02-25,P7BQQPJXDXZLZCJ7A1VTO496657E690X9KEYJGDI1GJSATNY7E
2,http://placekitten.com/g/500/500?user=52,2012-05-06,http://placekitten.com/g/500/500?user=0,Lulu,Gregory P.,Elisabeth L.,2012-04-19,2AUGZUZUAT4AK7VQLLA3NB08F6VSY8Q6S7OVWQCYHRECE81HVU
4,http://placekitten.com/g/500/500?user=306,2012-11-10,http://placekitten.com/g/500/500?user=2,BELLA|Holly|Sampson,Shellie C.,Robert S.,2012-10-06,G4EO347IPMZ88H7LNKNH0MV9B726XP33X4AX6PISO71VF07KTY
5,http://placekitten.com/g/500/500?user=61,2012-08-03,http://placekitten.com/g/500/500?user=0,Baxter,Esther G.,Becca M.,2012-06-02,6TPPV2H9MC782NWRHXM1G3NDD8MNBEN5ACD0A78ZS6MMR3PZ04
1,http://placekitten.com/g/500/500?user=158,2012-04-19,http://placekitten.com/g/500/500?user=1,Simba|Maggie,Tony L.,James M.,2012-03-30,ZE6AB9V5OJ4MULN7AKD696XWDTW4UFBRNH1XP1CHW4ZR9LZ4K0
2,http://placekitten.com/g/500/500?user=163,2012-02-13,http://placekitten.com/g/500/500?user=2,Banjo|Nala|Scooter,Michael E.,Cynthia L.,2012-01-12,2XB10SYF53B1KNTQNJ9TAAXCX22K7INNIFO824FLWP66BQZEOC
5,http://placekitten.com/g/500/500?user=167,2013-04-11,http://placekitten.com/g/500/500?user=0,Sir Percy Blakeney Baronet,Michael H.,Allicia M.,2013-03-19,7UJJWK54NA4KO2NGHIRW0XVUSHNGA7D33FRM2LLVV1NVUV0YYM
4,http://placekitten.com/g/500/500?user=162,2012-05-28,http://placekitten.com/g/500/500?user=2,Rosco|Lego (Legolas)|Bella,Tessa L.,Demerie S.,2012-05-23,O9DD3TGF806T8N35YI419I261GYO9LEI0897OR9XY5C3IQ2UMI
5,http://placekitten.com/g/500/500?user=101,2012-05-22,http://placekitten.com/g/500/500?user=1,Dakota|Honor,Jennifer R.,Lindsey P.,2012-04-05,B0R0PLREXL368SFP4LO1SIRTC0432WV0AS0CSS8Q5IZJ9X86G1
1,http://placekitten.com/g/500/500?user=107,2013-03-03,http://placekitten.com/g/500/500?user=0,Kahlua,AJ H.,Justin K.,2012-12-03,ST41EV8B9A793UM4P28Q7C93FPP4E6SCIW4J32C09362X88G7Z
3,http://placekitten.com/g/500/500?user=264,2013-02-17,http://placekitten.com/g/500/500?user=1,Daphne|Husk,Rachel R.,Ariel S.,2013-01-09,T8WMICOQ8G4O6AU1TQJYTNVQWPPRX96MOBYFJFTG9YKDEDJT55
4,http://placekitten.com/g/500/500?user=158,2013-05-24,http://placekitten.com/g/500/500?user=1,Cali|Penny,Tony L.,Kim D.,2013-03-07,9S1USYUDGP40UR7SA7M14GWXCYDB9UKN0G4HIPTLE5J1NPDS8T
4,http://placekitten.com/g/500/500?user=229,2012-09-18,http://placekitten.com/g/500/500?user=1,Boree|Maisey,Janine S.,Nilda C.,2012-08-02,KUB4GS23EIE1DX7T08C9VA2PL6Q8OH7GUMISW0F3MR5AN81HXU
3,http://placekitten.com/g/500/500?user=105,2012-11-06,http://placekitten.com/g/500/500?user=1,Kashmere|Abby,Bruce M.,Sheri S.,2012-10-22,36PDA92FB2GAK1BWR9G68J6OW6GXVRPEPPLFPJFJ1IU0451KDE
2,http://placekitten.com/g/500/500?user=104,2013-02-06,http://placekitten.com/g/500/500?user=2,Riley|Rajah|Lily,Jessica E.,Madeline L.,2013-01-19,TH0LBZ3SQ163HBO2MPVJXEZHM3850YZLI4NXS9IHNIGNTODDXM
1,http://placekitten.com/g/500/500?user=5,2013-01-26,http://placekitten.com/g/500/500?user=2,Mally|Dolce|Ysabelle,Maria W.,Anne and Kirk B.,2013-01-04,9J5N9R61Y60CPBNOAYB837W99UEKA9ZMVAUUCGVSDKBRQ6EW53
4,http://placekitten.com/g/500/500?user=192,2012-09-14,http://placekitten.com/g/500/500?user=1,oscar|Zoe,Nelson M.,Sandra B.,2012-07-07,37D334YJWWMUTM3K2G1OLT3V34MFO6QD3UI0XDHUP5ZFQSDF5C
4,http://placekitten.com/g/500/500?user=111,2012-08-13,http://placekitten.com/g/500/500?user=2,Pumpernickel|Jake|Piper,Donald S.,Tricia S.,2012-06-18,8IVT7E57DTYEP0K2MQA0OTYYGRHOB8H4CVDERJN3CD9I56JRLR
3,http://placekitten.com/g/500/500?user=211,2013-04-21,http://placekitten.com/g/500/500?user=2,Max|Charlie|Lucky (charms),Heather T.,Stev R.,2013-03-09,J47GSUUAHQG8WQJMDQVMN7SYDRAYV6WS1OBGW3P65G6A8QYJTC
5,http://placekitten.com/g/500/500?user=343,2013-02-07,http://placekitten.com/g/500/500?user=2,Chewie|Suki|Ziggy,Ashley H.,Samantha O.,2012-12-26,TK1D5638NTH99VWSL7NH53WBOEPK0K8LM7ULNVFE288C2TUSN8
1,http://placekitten.com/g/500/500?user=287,2012-10-22,http://placekitten.com/g/500/500?user=0,Macy,Anna Marie W.,Lisa H.,2012-10-05,WVMONF5O925XTLA84D21ZQP40E087C70AV2XW77QGNEM2LEXA7
5,http://placekitten.com/g/500/500?user=310,2012-10-23,http://placekitten.com/g/500/500?user=1,Bodie|Dugan,Jennifer W.,Stephanie B.,2012-09-18,1ZKRQZ55M2LVDWBES233GI64BUQODVUGHD9YCGJCN7T8WEKNUE
4,http://placekitten.com/g/500/500?user=162,2013-05-26,http://placekitten.com/g/500/500?user=1,Madisson|Jax,Tessa L.,Harold G.,2013-03-23,I3AR8G2KR3FPBLADUXJRN2Z15PVTOY7CNC86ZBB8DEYL3XG2DI
1,http://placekitten.com/g/500/500?user=327,2012-10-19,http://placekitten.com/g/500/500?user=1,Sidney|Bailey,Jaci H.,Jim S.,2012-07-26,S3QI3RLIBV1TMWXFXYBWDUQP6U1LF9WLY3EI3TVPFJYQS5MVYW
4,http://placekitten.com/g/500/500?user=234,2013-05-12,http://placekitten.com/g/500/500?user=0,Bengy,Thana T.,Chris K.,2013-03-24,B15D20YXMXQX4J3XY7UG4UV0LQCW0JECAE86X1ZOJJ9BOCD97H
3,http://placekitten.com/g/500/500?user=121,2013-02-19,http://placekitten.com/g/500/500?user=0,Kahlua,Cooper P.,Justin K.,2012-12-31,5Z82EY2FBB1ZV2BTSIVM0USCU4M7QWEDP186CTSHA3EU3J46KR
4,http://placekitten.com/g/500/500?user=165,2012-12-20,http://placekitten.com/g/500/500?user=0,Carlos,Hanna J.,Julianna C.,2012-11-05,EGE7IJ41FEP5T1TW6YW6SA4Z65X40T33DVLK0PH8KAAIOFKQG0
4,http://placekitten.com/g/500/500?user=196,2012-08-16,http://placekitten.com/g/500/500?user=0,Vulcan,Rita S.,Patty M.,2012-05-31,93S8HX0NAQ0B6D7ODEZNMQHZTLOTEHN1J7M63GIRYXRW87W1JL
3,http://placekitten.com/g/500/500?user=312,2013-02-18,http://placekitten.com/g/500/500?user=0,Steeler,Evan P.,Debora A.,2012-12-04,LGOP4PD946K456IBRV9KLBMUWOCCT9SEMBIYCCQJY3YPK0K66F
5,http://placekitten.com/g/500/500?user=110,2012-10-13,http://placekitten.com/g/500/500?user=2,Cosmo|Zizou|Piper,Charla H.,Brandon A.,2012-09-27,8NB74UE7DVDLRVE28TRVT3A7GVQ9VX2NSZYBC6Y9P21H09Y8EP
5,http://placekitten.com/g/500/500?user=125,2013-03-18,http://placekitten.com/g/500/500?user=1,Madisson|Jax,Arvin David N.,Harold G.,2013-02-26,Y0RAVKE6RBPB5PIKZU1BSPPZ41V18G5XZHL1J1IEALO2Z57GN1
5,http://placekitten.com/g/500/500?user=136,2012-04-11,http://placekitten.com/g/500/500?user=1,Bodie|Dugan,Steven J.,Stephanie B.,2012-02-05,OJ8KOGS0R7ZYJHSI8MTRTT37PNFX1SI7O6FENMGDV77Q80KR6G
5,http://placekitten.com/g/500/500?user=30,2012-09-03,http://placekitten.com/g/500/500?user=2,Reggie|Chewy|Dorrie,Chapple D.,Rachel B.,2012-06-25,RB6N3MRFENGJ7RIWIRJ14Z2DR94N2YSZ4L5GTJ4LLWOG5PR4RX
1,http://placekitten.com/g/500/500?user=105,2012-12-20,http://placekitten.com/g/500/500?user=1,Felix|Duckie (Miss Mariah Lee Mallard),Bruce M.,Sue H.,2012-10-05,L6S0KGBGNCR7S212CW04X59SE48R29F0SUGJO2LMCD3V8U0A8P
2,http://placekitten.com/g/500/500?user=226,2012-11-22,http://placekitten.com/g/500/500?user=2,Rascal|Brooke|Roxanne,Ben F.,Susan L.,2012-09-21,H7E13YJS0LNOF91MRMKXDU1WO3W6FDNMY1PZJ2UJOIU1AQTW63
2,http://placekitten.com/g/500/500?user=12,2012-05-25,http://placekitten.com/g/500/500?user=1,Madisson|Jax,Shelli K.,Harold G.,2012-05-02,BR4964ZCWM67CM222T55BTBBXL92NJECC0D4Z6SQ1RSCGTSPY4
2,http://placekitten.com/g/500/500?user=242,2012-05-31,http://placekitten.com/g/500/500?user=2,Harley|Janja|willow,Jessica L.,Danielle D.,2012-03-12,HZB0E3SA4U8JE5GJ3KQPXUN5QBOPKN9QEJCHJNAU7R6R9MKERF
1,http://placekitten.com/g/500/500?user=51,2013-03-25,http://placekitten.com/g/500/500?user=2,Bailee|Beau and Dante|Olive,Pat B.,Christine H.,2013-02-26,VBHYOQ1WA04VMDBND5J01IDMV7OIWSR84QEU2OKXA4CN1YCSC3
5,http://placekitten.com/g/500/500?user=12,2012-04-13,http://placekitten.com/g/500/500?user=2,Pele|Nadia|callie,Shelli K.,Melissa C.,2012-04-05,US6DCLI9WOBSS9100TW49JV9LTQKYDHK8M5QPVY8RHLQZ43KN0
4,http://placekitten.com/g/500/500?user=198,2012-10-18,http://placekitten.com/g/500/500?user=0,Jackie,Desislava K.,Meagan M.,2012-10-11,11P51GHTZ2YDQKSCSW6OX8EBFIGEKFY3C9YIDA0336VNPG4RJX
5,http://placekitten.com/g/500/500?user=88,2012-12-20,http://placekitten.com/g/500/500?user=0,DOMO,Pam L.,Ellen  F.,2012-12-10,7FO2YOPT3EVW2D5BBVXTJHRPOPDHC93HR6H0NNZDUC9VWIF1M7
3,http://placekitten.com/g/500/500?user=343,2013-04-14,http://placekitten.com/g/500/500?user=2,M-dog|Orion|Snowy,Ashley H.,Ashley  K.,2013-03-06,YUGCI6ZWIH4NMCK1BQ9YVHH6V6IOGUY320DGYUBKFYH3BGBGPX
1,http://placekitten.com/g/500/500?user=1,2013-04-24,http://placekitten.com/g/500/500?user=2,Tide|layla|Lady,Holly Whitford B.,Robert C.,2013-01-30,5XMS7AYPWVO5FD4WG5TJXO43WU74DPI1MRK7PQQ558ILEFHVC5
2,http://placekitten.com/g/500/500?user=51,2013-02-25,http://placekitten.com/g/500/500?user=2,Ceasar|Chopper|Dudley,Pat B.,Carla V.,2013-01-01,BAL5SC82SQBF6KES5BH7SRD31UKMW38GLGRD31893FEPZ608N5
3,http://placekitten.com/g/500/500?user=318,2012-05-24,http://placekitten.com/g/500/500?user=1,Zero|Faye,Gardiner D.,Sasha F.,2012-03-09,TB7ZHEQXOSAMAVZ9G0IK8HG3K7AZ6YW5PHLKUBKTUL8V6NU589
5,http://placekitten.com/g/500/500?user=91,2012-10-16,http://placekitten.com/g/500/500?user=0,Panini,Terre L.,Melinda G.,2012-08-02,AU6Z7OVHRZUZJ7ZM1PARVI6AWWDIRS6SMC1B3KO5UJS6G39JOZ
2,http://placekitten.com/g/500/500?user=321,2012-11-14,http://placekitten.com/g/500/500?user=0,Marsha Temple,Lauren M.,Nancy L.,2012-09-23,W5H9IIOZWJE520JF8V7EN22WDIP8LM38HGVTPLB3I4CZ83MLVZ
1,http://placekitten.com/g/500/500?user=52,2013-01-03,http://placekitten.com/g/500/500?user=0,Lilly,Gregory P.,Antonya C.,2012-10-10,WQO2PWFXB5CCLNUQB6XRVJAK54HRPQ6A42U7F070IQ7Z31OT22
2,http://placekitten.com/g/500/500?user=341,2012-03-16,http://placekitten.com/g/500/500?user=0,Bo,Dustin M.,Jillian D.,2012-03-04,NKNDZTWW4GEPM0I2M2IXFSW7MZZR134CRXQF1CVV058BY0N62G
4,http://placekitten.com/g/500/500?user=263,2013-02-13,http://placekitten.com/g/500/500?user=0,Ginger,Jackie M.,Lauren H.,2012-11-18,BF73LZGNDVLX43F2X8CVKGACQ8TNA26Y44TH4CCDYWW11SJU8S
2,http://placekitten.com/g/500/500?user=157,2012-09-07,http://placekitten.com/g/500/500?user=1,Angel|Daisy,BOB M.,Erika A.,2012-08-26,Y9WIVAST6EX81GHCE8N0PU4VDIR22TDWLS5DD89PYO9OQDBL60
4,http://placekitten.com/g/500/500?user=55,2013-05-23,http://placekitten.com/g/500/500?user=1,Tobi|Pedro,Ryan A.,Lisa D.,2013-05-13,LM67M7R1CNXYN3QMR1D2YQODCC0FY18XGLZNG7K1TM4O9P8GXP
3,http://placekitten.com/g/500/500?user=286,2012-12-11,http://placekitten.com/g/500/500?user=1,Rasty-CAT|Tulls,Karen H.,George L.,2012-11-04,E625T6BB3GNGR9IEN7BKCE7ZWZ039P492P1XEYTD4JDS2GPC6B
2,http://placekitten.com/g/500/500?user=199,2013-05-03,http://placekitten.com/g/500/500?user=1,Elvis|Rocco,Carmen C.,Christa A.,2013-04-12,I0V2XY63SCGBSFXTHGO8VHQHBSQ4O8IIFW1OVWCEJBGWNOHG3P
1,http://placekitten.com/g/500/500?user=95,2012-02-13,http://placekitten.com/g/500/500?user=1,Klaus|Sophie,Kailyn G.,Maggie M.,2012-01-06,3UC8N6X5DP39Y48D7MK4WG3T1CJ3W3DE6SORHLW6MWFF5WNMMS
5,http://placekitten.com/g/500/500?user=199,2013-05-26,http://placekitten.com/g/500/500?user=2,Udanhdo|Kujo|daisy,Carmen C.,Christa Z.,2013-05-15,PXFASJBDQ2EUY5OHOI20WKPHSO9C9N5M018PKEUF2SL0A7SQ8C
2,http://placekitten.com/g/500/500?user=320,2012-07-28,http://placekitten.com/g/500/500?user=0,Sanka,Joei B.,Danielle W.,2012-05-09,NTRQN6FUXMG8SKERUQDRU9IRJ7YCCQF6MA0XOXEK3ARE0C7Q6B
4,http://placekitten.com/g/500/500?user=315,2013-05-26,http://placekitten.com/g/500/500?user=2,Mars|Brite Eyes|Gem,Sunshine V.,Kim S.,2013-04-09,LMOQQ2EFVX8HORX4SLB3XD3K31H4WX2WREPSDWUPF7AR0S2D6Y
2,http://placekitten.com/g/500/500?user=55,2012-07-07,http://placekitten.com/g/500/500?user=2,Mars|Brite Eyes|Gem,Ryan A.,Kim S.,2012-06-06,OYO3DVWTYEJWCPA2FNR1NR49AOE86SP37IG76DNU4HCE3KTPER
4,http://placekitten.com/g/500/500?user=51,2012-01-27,http://placekitten.com/g/500/500?user=2,Bailee|Beau and Dante|Olive,Pat B.,Christine H.,2012-01-21,NZ83SLRDXU9XLUZQV57EE2LP6N3ZLGGF6ERKS49HBE66FWHA1U
4,http://placekitten.com/g/500/500?user=303,2012-12-18,http://placekitten.com/g/500/500?user=1,Falkor|Harley,Nicola D.,Kimberly K.,2012-12-07,68QBEG0NDYZG979X4LI5POX9A6HL883HN6DBT866YQXTB8MIW7
4,http://placekitten.com/g/500/500?user=157,2012-03-21,http://placekitten.com/g/500/500?user=1,Sammy|Daisy,BOB M.,Samantha S.,2012-03-20,RZAAEPHWEVVPWUWD8ZXQ1MWHA3MNOVDCWV2YQER4JSNG246EKH
1,http://placekitten.com/g/500/500?user=146,2012-08-23,http://placekitten.com/g/500/500?user=0,Bengy,Alisa U.,Chris K.,2012-06-19,BQFBPR5CPCUHWCP57SR15BBWU49VJ5HZRMKMNPEAJZ3KQ90YAP
3,http://placekitten.com/g/500/500?user=259,2012-08-12,http://placekitten.com/g/500/500?user=2,Sophie|Rebel|Jupiter,Monica  D.,Lauren C.,2012-07-18,OQN8DTRG8IBIWS4UZOWCT5LX56UBURRKIBKXQA9E1XW9NPDF3M
1,http://placekitten.com/g/500/500?user=321,2013-02-13,http://placekitten.com/g/500/500?user=1,Sophie|Megan,Lauren M.,William P.,2012-12-11,QSDJ2OVP9JZSCBEHZ2FZU8Y8CPO1M7UEY3HBXJAA3KJ96RCFAP
5,http://placekitten.com/g/500/500?user=30,2012-07-23,http://placekitten.com/g/500/500?user=2,Mogley|Kayia|queen,Chapple D.,Alex L.,2012-04-26,PWCPF4Z8RAEU2BABRVZ33X862XH6WU0P1C6LVPSE8X1EHUMATI
4,http://placekitten.com/g/500/500?user=60,2012-05-26,http://placekitten.com/g/500/500?user=0,angel,Laura V.,Kaitlyn B.,2012-04-14,17JLO3QNFRC7LOXVEOFL7GMSBO29JR53O8DG1X3PZR8J2AGSG2
5,http://placekitten.com/g/500/500?user=186,2013-03-14,http://placekitten.com/g/500/500?user=0,kippy,Michelle B.,Anne D.,2013-01-07,BE9NE81AVNGN07PNW5A6TQGP2XS8WURLY4462YRSF1PN9I97BO
5,http://placekitten.com/g/500/500?user=321,2012-10-18,http://placekitten.com/g/500/500?user=0,Moxx,Lauren M.,Kevin R.,2012-08-30,JB8K5FIL5SIXTXU9M6VFDM16FUC3JLH588JQQRLAVYUOI85PNI
3,http://placekitten.com/g/500/500?user=84,2012-06-16,http://placekitten.com/g/500/500?user=1,Eddie|Ducky,Carl P.,Hilary S.,2012-06-01,IJSRUH1LVTYT84KWKH95SMIAV1P48TD268HRW6V526P6DH8FJB
5,http://placekitten.com/g/500/500?user=107,2013-01-08,http://placekitten.com/g/500/500?user=1,Simba|Maggie,AJ H.,James M.,2012-10-31,DU56070J0NO045IH5QJGO0735SVMNTPAL34U92EI5BNN0BWMV6
2,http://placekitten.com/g/500/500?user=320,2013-01-29,http://placekitten.com/g/500/500?user=1,Yogi|Cody,Joei B.,Destiny H.,2013-01-27,M5JVFKO4VS9TPF1BXU1JKEKYK5I1BA96B3EWR6UBM617WC0KDG
2,http://placekitten.com/g/500/500?user=209,2012-08-24,http://placekitten.com/g/500/500?user=1,Madisson|Jax,Dodie K.,Harold G.,2012-08-13,IH21AYAE3CPB1CPOM7N1AJ0VQVA07WCI8JF7E9YDOB0YS3BHWI
3,http://placekitten.com/g/500/500?user=17,2012-12-09,http://placekitten.com/g/500/500?user=2,bella|Tiger|Shogun,Mary A.,Kimberly  R.,2012-11-11,F3TZAK53RYUVXCN63U962Z2Z9GGYV8313U2LRR5DNF2Z19S6BL
2,http://placekitten.com/g/500/500?user=204,2012-08-24,http://placekitten.com/g/500/500?user=0,Alice,Ken K.,Kristin R.,2012-07-20,KLFH3XEK7KCI7IDDFZCQVRU7FUP3O89GK0IMYBOLN89MOGGK0R
4,http://placekitten.com/g/500/500?user=167,2013-06-06,http://placekitten.com/g/500/500?user=2,Rascal|Brooke|Roxanne,Michael H.,Susan L.,2013-04-10,PAQCG16VPKLHMJZLKICA86PJXNX9RMXGFIKRI36I84BJNX5RRT
1,http://placekitten.com/g/500/500?user=169,2012-09-28,http://placekitten.com/g/500/500?user=2,Mars|Brite Eyes|Gem,Maria M.,Kim S.,2012-07-16,DO6ZCZEB8O1LKSVIXTAA692JUAZB1E2WG292C1XBIN3C69UOPX
1,http://placekitten.com/g/500/500?user=199,2013-02-02,http://placekitten.com/g/500/500?user=1,Fluffy|Kona,Carmen C.,Sharon H.,2013-01-30,CYI2QOZLBGJUS8KAZV2NO48ZDYZUA37B6L9D8B1SUJONEBBVRF
4,http://placekitten.com/g/500/500?user=180,2012-01-31,http://placekitten.com/g/500/500?user=1,Lana|Peppy,Jacob C.,Gaurang P.,2012-01-14,ZT25A5OB5N8YC2ULXXYGOYNOHU1AVGFZ931V4H0RPEIC7TQ00O
2,http://placekitten.com/g/500/500?user=144,2012-12-26,http://placekitten.com/g/500/500?user=1,Roxie|teddy  and izzy,Faker K.,Cathy R.,2012-10-05,DJ9KU9GB8GLJD3YTWXGJ7WF9MCZRW76LQE3CSO3UXMGL91MO7E
4,http://placekitten.com/g/500/500?user=194,2012-03-18,http://placekitten.com/g/500/500?user=0,Abby,Camille A.,Lottie  C.,2012-03-08,WZNTVOPR0HRD6QWXGIW5CR1HXUHGSFUGZLPR3LJ3NDKA6SXVDK
2,http://placekitten.com/g/500/500?user=341,2013-05-08,http://placekitten.com/g/500/500?user=1,Muffintop|Barkley,Dustin M.,Saul Z.,2013-05-01,AWQ1O67KKSM3SMLRWL4RMWOWA3HBHW72ILE3YY2I9EL3956LEG
1,http://placekitten.com/g/500/500?user=146,2013-05-15,http://placekitten.com/g/500/500?user=2,Bailee|Beau and Dante|Olive,Alisa U.,Christine H.,2013-03-05,JYPXDE2PPT3US4U2JP4H2LTVHL2QD9NJBUFRF52YJK1JMRJVTN
5,http://placekitten.com/g/500/500?user=95,2012-12-27,http://placekitten.com/g/500/500?user=0,Baxter,Kailyn G.,Becca M.,2012-09-28,N444FI8JRIK11ZF4YBGIWV45VTXZWC7W34XGUYOUN8L4CEWGZG
3,http://placekitten.com/g/500/500?user=317,2012-12-12,http://placekitten.com/g/500/500?user=1,Cali|Penny,Stephen W.,Kim D.,2012-11-13,0Q57Q23JIUAAI7UWKF199WH6P3T1J63U8K73N326FD79H84HG2
3,http://placekitten.com/g/500/500?user=290,2013-01-18,http://placekitten.com/g/500/500?user=1,Indie|Cody,John G.,Caroline J.,2012-12-19,7TWFN8JIXRV1Y6BGQYAXTJLY7A9929CTRCUWRJM1AMCXYSW6G4
3,http://placekitten.com/g/500/500?user=199,2013-01-04,http://placekitten.com/g/500/500?user=0,Schatzie,Carmen C.,Tristan R.,2012-10-23,YB53B8YCBWN11R3CNO1T4N0XIEA9GH9LKWJQFPDQ98C03SIR0U
4,http://placekitten.com/g/500/500?user=217,2012-06-20,http://placekitten.com/g/500/500?user=1,Daphne|Husk,Lindsay H.,Ariel S.,2012-05-12,CXLGOH92FGD8RTWVHCJ0JG5J4XGFZH6RI6WGXNNRW5RBZO3HWY
5,http://placekitten.com/g/500/500?user=169,2012-04-24,http://placekitten.com/g/500/500?user=1,Daisy|Taco & Rocky,Maria M.,Terence A.,2012-04-23,QHO6O7W3HZ66SSXMKNY0S3SV60LZV3DCZSZLWIAYZTS774IFZ0
1,http://placekitten.com/g/500/500?user=163,2012-10-25,http://placekitten.com/g/500/500?user=0,Sanka,Michael E.,Danielle W.,2012-09-09,X4CI6FTYDMH7M7Z2326YF1U7HODUHIHP91LJRNYOEUI4SUTLH8
5,http://placekitten.com/g/500/500?user=109,2012-12-25,http://placekitten.com/g/500/500?user=1,Tobi|Pedro,Fahreta  G.,Lisa D.,2012-11-17,1U9HCTVN4PXJPG9IKKJIE97GEH3XRQF356JD3ARQLRXXAHVLI3
3,http://placekitten.com/g/500/500?user=53,2012-06-05,http://placekitten.com/g/500/500?user=1,Brady|Piper,Ilka A.,Cristina A.,2012-05-20,67ZGMM1X04OG9S2WOIXYRGF3L8EDAFGN3QX1AM4J8RUK2EOEIG
4,http://placekitten.com/g/500/500?user=1,2012-12-30,http://placekitten.com/g/500/500?user=0,Schatzie,Holly Whitford B.,Tristan R.,2012-10-05,OJUTLHC4U2RFHSS6B3O6MJLQOBVYUCI9TDDYYZU79TZFHCHVXX
1,http://placekitten.com/g/500/500?user=196,2013-05-09,http://placekitten.com/g/500/500?user=1,Boree|Maisey,Rita S.,Nilda C.,2013-02-15,G01MVYNXFH9W6HT4X3IRNVBO5OTD7YQD3P1E65I7WIHGN8VHMH
1,http://placekitten.com/g/500/500?user=104,2012-12-06,http://placekitten.com/g/500/500?user=0,Molly,Jessica E.,Lisa H.,2012-09-30,9BT0GDIWIY6YGPT9K0QW3W4QQK0HMP2NYR0ACVAY0ON29VIL55
1,http://placekitten.com/g/500/500?user=224,2012-04-26,http://placekitten.com/g/500/500?user=0,Ro,Allison H.,Sabrina H.,2012-03-11,POYHUEC2P6S3TPDXNQQZ5PMB26Z7CW26S04VSOCBFLJRMIM6HQ
4,http://placekitten.com/g/500/500?user=91,2012-05-31,http://placekitten.com/g/500/500?user=2,Chewie|Suki|Ziggy,Terre L.,Samantha O.,2012-05-29,PPS895YMYXHMVWFAPHRGWGMLDXKC5RIP0EG3131DRVKQY8JGOB
1,http://placekitten.com/g/500/500?user=204,2012-07-24,http://placekitten.com/g/500/500?user=0,gus,Ken K.,Kevin H.,2012-05-04,8HPBFZXXVWCYZX30I6E2PXAI7EA08INT0P5499SCJTKTZHNPUH
1,http://placekitten.com/g/500/500?user=259,2013-03-26,http://placekitten.com/g/500/500?user=1,Hans|Archie,Monica  D.,Cecil M.,2013-03-06,NSA1EEMUTIF3LT8OPKA0CZBM3N988W58YQDTEHQPBUTVBG5XYM
1,http://placekitten.com/g/500/500?user=286,2012-06-01,http://placekitten.com/g/500/500?user=1,Riley|Ronnie,Karen H.,Jeffrey L.,2012-03-12,RUTBM0UG1FR0DE0W16502M5AA8ZNUM7S8LBHVMWCAVRHVNMW59
2,http://placekitten.com/g/500/500?user=158,2012-04-14,http://placekitten.com/g/500/500?user=0,Jackie,Tony L.,Meagan M.,2012-04-03,R8JMEJTYD60F6248DX1XI9VK9MMJGHMQYTE3ROE32J3SSGU3ZE
4,http://placekitten.com/g/500/500?user=269,2013-04-15,http://placekitten.com/g/500/500?user=0,Zoe,Kelly G.,Joseph T.,2013-03-07,6DNWDA596805WMXGXZTZ2TP6CM237245M0YT7MVBGZRL488ZBH
1,http://placekitten.com/g/500/500?user=83,2012-08-14,http://placekitten.com/g/500/500?user=2,Cosmo|Zizou|Piper,Magali M.,Brandon A.,2012-06-20,LTOE9HR4U5ZO9VRGLRI49AFDP9B7ZP4YFH4580D49TMUHTINOJ
3,http://placekitten.com/g/500/500?user=287,2012-04-08,http://placekitten.com/g/500/500?user=0,missy,Anna Marie W.,Ariel R.,2012-02-27,3W5PKBY3432748DC3GA6IG6CX1EELH55KA6UO31S3WHDSDGA0L
3,http://placekitten.com/g/500/500?user=91,2012-07-14,http://placekitten.com/g/500/500?user=2,Duncan|Pogo|Kronos,Terre L.,Stefanie B.,2012-04-22,VD5B6V6EAV1OWEJLYZVW2NNRYBG5IIA5S0E5RHYJBR6GUI7JU5
1,http://placekitten.com/g/500/500?user=61,2013-01-28,http://placekitten.com/g/500/500?user=1,Jasmin|Seina,Esther G.,Alee B.,2012-11-15,PTGWJJ520WQOD38OFT78DDZ55TSQZMF1YQ7MC10XMCI0PHZF99
3,http://placekitten.com/g/500/500?user=58,2012-10-30,http://placekitten.com/g/500/500?user=2,Bailee|Beau and Dante|Olive,Patty C.,Christine H.,2012-09-14,MZH1F4NMVENYMP6GSXUXLS8XZB6EXTH1UUWHNS0OTPWEWZXG6M
3,http://placekitten.com/g/500/500?user=125,2013-06-19,http://placekitten.com/g/500/500?user=2,Bailee|Beau and Dante|Olive,Arvin David N.,Christine H.,2013-04-23,SG37Q5D6EU71F0LWSVTC11RCX4MX1RVTTAGA7QYIV8CRJR25B2
1,http://placekitten.com/g/500/500?user=343,2013-01-01,http://placekitten.com/g/500/500?user=1,Zahra|Rocky,Ashley H.,Maria R.,2012-10-04,FI6354YLPLT7HUS73XXJ5SC58LBHFLA3QVKIUHLNHIR9S6O3YA
5,http://placekitten.com/g/500/500?user=222,2012-06-19,http://placekitten.com/g/500/500?user=1,Lana|Peppy,Lindsey C.,Gaurang P.,2012-06-03,OWRG3UZ83B59A8Z39XOKKNWWWKQWB4YQJAV093TSBLQ8B2JSOH
1,http://placekitten.com/g/500/500?user=233,2013-01-10,http://placekitten.com/g/500/500?user=0,Ace,Josh B.,Kurt W.,2012-10-30,S3JUBMHR8UWGNYY0KG5VE57G8X3P9318F020ZCHW3R5U0KGU9S
5,http://placekitten.com/g/500/500?user=104,2012-09-13,http://placekitten.com/g/500/500?user=0,Lulu,Jessica E.,Elisabeth L.,2012-07-16,2EC3Z5IAFHVW2CTNRTZ9AUSSQJXC6NEDLA22ZYSIWQSY38SX5Q
4,http://placekitten.com/g/500/500?user=267,2012-08-11,http://placekitten.com/g/500/500?user=1,Klaus|Sophie,Jamie H.,Maggie M.,2012-05-14,N8EBZDSKR53JKUWM4N7GU7L66FQNACTMZYWL6PJTW9ZEK8UA08
1,http://placekitten.com/g/500/500?user=58,2012-11-03,http://placekitten.com/g/500/500?user=0,Storm,Patty C.,Glen O.,2012-10-12,DXH07ZIID6ZFB4V3017DYJ23ZT8GFY5IQ0K3RZGZB9LD8Z3PPM
2,http://placekitten.com/g/500/500?user=163,2012-06-11,http://placekitten.com/g/500/500?user=1,Sidney|Bailey,Michael E.,Jim S.,2012-06-09,U6Q3YHE6S3V9F7VXXJ68MESML4VNWDA2P17VUQODTMJ0T7MCIY
1,http://placekitten.com/g/500/500?user=304,2012-07-25,http://placekitten.com/g/500/500?user=1,Lucky|Myra,Marie M.,Jasmine R.,2012-05-07,A8QX1IFRRS1CWIVEU2U1E4DVZ362T2E0N73YH5CQY6ZBOONMMA
5,http://placekitten.com/g/500/500?user=104,2012-11-24,http://placekitten.com/g/500/500?user=2,Patty|Hunter|Lucas,Jessica E.,Susan V.,2012-11-19,UUAU349X5G70H96BINFMDKZTT1L8QZ2I2J1OESP0FJYN49R8MX
4,http://placekitten.com/g/500/500?user=1,2012-05-25,http://placekitten.com/g/500/500?user=2,Riley|Rajah|Lily,Holly Whitford B.,Madeline L.,2012-04-05,R9PBGD6H3Z12Q851FQKDPWVU2NHN8YL7NETU1U3SOEL2VPBO7E
3,http://placekitten.com/g/500/500?user=88,2012-03-14,http://placekitten.com/g/500/500?user=1,Felix|Duckie (Miss Mariah Lee Mallard),Pam L.,Sue H.,2012-01-18,3NSKWLC5OJNQ3YUVW9E5SDYNLPVGH4736SF893AD60ELAB2SI3
5,http://placekitten.com/g/500/500?user=115,2012-04-15,http://placekitten.com/g/500/500?user=1,Kashmere|Abby,Rachel K.,Sheri S.,2012-03-29,JT4UTFF2G01CQS0304QDON4T0R8BX22M0X49WVLNJ8K2L5KQ0Q
4,http://placekitten.com/g/500/500?user=321,2012-05-17,http://placekitten.com/g/500/500?user=2,bella|Tiger|Shogun,Lauren M.,Kimberly  R.,2012-04-05,OVFTJWS04MPCTPBVP6L7UGETEQ8J922ZUKORET1P5OAZ1BXCH0
3,http://placekitten.com/g/500/500?user=306,2012-12-18,http://placekitten.com/g/500/500?user=0,gus,Shellie C.,Kevin H.,2012-11-17,VKENNZ7YYSGW3SNXUQ4B1HTSVVIJU3JXH8Q0L8X6DKOYWZG8VX
1,http://placekitten.com/g/500/500?user=327,2012-09-01,http://placekitten.com/g/500/500?user=0,Steeler,Jaci H.,Debora A.,2012-06-24,NWWZGGM0HR0BPEHPTSW9K10IK1LGF1SO4KG23WOS7WEBY1OVUP
4,http://placekitten.com/g/500/500?user=299,2013-07-24,http://placekitten.com/g/500/500?user=2,Lady|Mo|Kyra,Erica M.,Kathlene S.,2013-04-29,37OAZUPVDV4IKNB1KS1LTBBTOLCSD3MZV23LJQ3J8MUV3A4Q0U
1,http://placekitten.com/g/500/500?user=121,2013-05-07,http://placekitten.com/g/500/500?user=0,Sassy,Cooper P.,Mel P.,2013-04-16,CYKC6N8570TUGFNTGJWC1W6YBOV2NHWPKXTAT8Q5BBIYPV4RTK
5,http://placekitten.com/g/500/500?user=267,2012-12-29,http://placekitten.com/g/500/500?user=2,Harley|Janja|willow,Jamie H.,Danielle D.,2012-11-15,51ORDJ3JOPXYRY3HWYOP0ZKY1ZEGBL1E2U1G9LVCXU2NHA2UMS
4,http://placekitten.com/g/500/500?user=105,2013-02-01,http://placekitten.com/g/500/500?user=2,Puffy|bella|Carmel,Bruce M.,Ali P.,2012-12-16,24C9A1ISX0GEEWKMN7G9AVMNW22ZCTYB5DVWYGYA3XMKI33CFM
1,http://placekitten.com/g/500/500?user=268,2013-07-17,http://placekitten.com/g/500/500?user=0,Schatzie,Heather E.,Tristan R.,2013-04-28,YUR35G043X1H3CSF1KHS6WUGVOIU6872E6IGZI9Y5MY8JWDYHC
4,http://placekitten.com/g/500/500?user=233,2012-08-08,http://placekitten.com/g/500/500?user=0,Kahlua,Josh B.,Justin K.,2012-06-06,1328S12IQ6B5C4Q9JY8PCV33AZ33O3ET6T7ABS9UN6P9M3XIVQ
5,http://placekitten.com/g/500/500?user=304,2013-05-16,http://placekitten.com/g/500/500?user=2,Harley|Janja|willow,Marie M.,Danielle D.,2013-05-12,U2JGJO9X6RXHOCEIS7FHJPM5MS8BQ9UPB8ZS84RAFMH14L8VHE
3,http://placekitten.com/g/500/500?user=118,2013-05-17,http://placekitten.com/g/500/500?user=1,Lily Bugs Von Schnauzer|Lottie,Gail J.,Alex P.,2013-05-05,RBLSMOCU13RPLT2LR7I65AY1CIG4V3FL3OAIWWEYCYAQAG6C1A
1,http://placekitten.com/g/500/500?user=96,2012-10-09,http://placekitten.com/g/500/500?user=1,skruffy|Dj,Gayle P.,Eliza V.,2012-10-06,QVMC7M14WQCKMQIT3E4B5VZUD6JWGYP8B0GYPV3NFCZ1E6ZZCM
3,http://placekitten.com/g/500/500?user=180,2013-04-02,http://placekitten.com/g/500/500?user=2,Kenly|Zeeba|Amos,Jacob C.,Amy D.,2013-02-21,4MKBNHVJP5VWCAD74DG2SYSWM80QOTX9FBP7OCMU9A94N99UFE
5,http://placekitten.com/g/500/500?user=115,2012-09-26,http://placekitten.com/g/500/500?user=2,Duke|buddy|Zara,Rachel K.,Kelly J.,2012-09-23,F3A3SQMYDLT8IVSXUTZB8DCKWDQHJLMTAWSCMH00PD8M9D89CJ
2,http://placekitten.com/g/500/500?user=58,2012-11-03,http://placekitten.com/g/500/500?user=1,Kashmere|Abby,Patty C.,Sheri S.,2012-10-26,NK5G5H6ARBTMGV73DNWLEO442LL52B2UP8LF8GN1E3SXALD9M3
2,http://placekitten.com/g/500/500?user=95,2012-02-19,http://placekitten.com/g/500/500?user=0,Moxx,Kailyn G.,Kevin R.,2012-01-14,3T0G2MMUCSYOYROEJZ0HN5OR1LRJEUC6HP0U8SHT2PWYBGK9W4
5,http://placekitten.com/g/500/500?user=268,2012-11-27,http://placekitten.com/g/500/500?user=0,Sushi,Heather E.,Jennifer C.,2012-11-11,Y4Q4DFVOLV2QEVF61BLEQZ43L2AO5XL12G30CGK5Y2B5HM9ZD4
5,http://placekitten.com/g/500/500?user=61,2012-07-27,http://placekitten.com/g/500/500?user=1,Jordan|Ramone,Esther G.,Lauren B.,2012-05-29,V4W7C6P1GJ59Z6W75RJQLIRVU1RG02BON40XWDP28EN7X074SQ
2,http://placekitten.com/g/500/500?user=115,2012-05-23,http://placekitten.com/g/500/500?user=1,Zero|Faye,Rachel K.,Sasha F.,2012-04-05,3HAS9UTXF07C9HZCPF9G7OHQ1Y0Z8414U2QEPN3ZTGOI96J7ZS
1,http://placekitten.com/g/500/500?user=196,2012-04-21,http://placekitten.com/g/500/500?user=0,Mali,Rita S.,Paul and Nancy M.,2012-01-27,EC3FQ17F97NCL0I2CE0U05388CWVEOIRMH77A1N9DNQHIYS0A5
2,http://placekitten.com/g/500/500?user=169,2012-12-31,http://placekitten.com/g/500/500?user=1,Fluffy|Kona,Maria M.,Sharon H.,2012-10-14,GS47EU48OCAXF812821ZZH8FU7NHGIT397TT9GCQ416G3SMG0H
5,http://placekitten.com/g/500/500?user=60,2012-03-10,http://placekitten.com/g/500/500?user=2,Benji|Bubbles|Cessie,Laura V.,Omaira M.,2012-02-20,8VHP6J5ZL48UWZK1YY5SYGIWVZ3XPCXXM5KU0G3GI0J60ZQHRW
2,http://placekitten.com/g/500/500?user=208,2012-12-29,http://placekitten.com/g/500/500?user=1,oscar|Zoe,Susan T.,Sandra B.,2012-12-07,R0WLC3D0ITZ8OPP2QIDLAEMBY5XZFE2K1TZOOTW7U729PGV73S
1,http://placekitten.com/g/500/500?user=60,2013-03-08,http://placekitten.com/g/500/500?user=1,Zeus|Rollo,Laura V.,Maureen  B.,2013-02-01,AFUEVENL70DSKBCJ1R7N29CQPKPK9P2RM3VYG87DBT4KBN80UE
5,http://placekitten.com/g/500/500?user=299,2012-04-28,http://placekitten.com/g/500/500?user=0,Oscar,Erica M.,Michelle D.,2012-03-22,Z9B61U5CEL68SF6DAFS3GSSRRLK876WHI1WYGHQERG9I4BQ6VD
5,http://placekitten.com/g/500/500?user=233,2012-04-19,http://placekitten.com/g/500/500?user=0,Stella,Josh B.,Shaina Z.,2012-03-23,0G0SCEYF1DRKO2XBPBCKVFKPS82CDKG8741H7MSG1JATC11Z4U
2,http://placekitten.com/g/500/500?user=180,2013-05-17,http://placekitten.com/g/500/500?user=1,Kashmere|Abby,Jacob C.,Sheri S.,2013-03-12,YKPROV70DZRDTDX4DHHLFJFXPV7M1Y19QZHPXGOZFZXIN2LBR5
3,http://placekitten.com/g/500/500?user=310,2012-10-05,http://placekitten.com/g/500/500?user=1,Klaus|Sophie,Jennifer W.,Maggie M.,2012-09-15,7XMVGMSUTM9QW44HRAI4575LRFBNAK1APYA0FZ0HL5BDG9XS67
2,http://placekitten.com/g/500/500?user=224,2012-08-31,http://placekitten.com/g/500/500?user=0,Vulcan,Allison H.,Patty M.,2012-07-05,FR4OH5P6K2X2C0I3KAIOOT20LNQEDY5CBCXWYYY5E4YRC9BU8X
5,http://placekitten.com/g/500/500?user=268,2012-02-02,http://placekitten.com/g/500/500?user=0,lilly,Heather E.,Nora M.,2012-01-19,F4PLWC92E630HNECNEJ3U2NRKY6FNR18JJSY5HW1RBH44ZP3ET
1,http://placekitten.com/g/500/500?user=242,2013-04-04,http://placekitten.com/g/500/500?user=2,Travis|Virgil|Jenny,Jessica L.,Tavish L.,2013-03-02,7720SXUJMRHVKKG362B3E4CZNI5CB1ZW0HMZQ36RV2XWSIBA08
3,http://placekitten.com/g/500/500?user=258,2013-06-10,http://placekitten.com/g/500/500?user=0,Bandit,Nakisa S.,Steve K.,2013-03-20,L8P97F23W6OW5Y7X4KPOV61OOQZTIY6NX9UX10MO3MYUT8W863
3,http://placekitten.com/g/500/500?user=198,2013-02-04,http://placekitten.com/g/500/500?user=0,lilly,Desislava K.,Nora M.,2012-12-04,8QJGUM7J8FBR54VOS5MF9FYL92CXP82QTYGQJ7PKFAG83KH434
2,http://placekitten.com/g/500/500?user=204,2012-10-20,http://placekitten.com/g/500/500?user=1,Bailey|Malu,Ken K.,Diana P.,2012-09-08,0HISTCL7ALEKCJTMVR2JE5OOWWXHE8L3RJ5GYJEGKALQ5FDPNT
3,http://placekitten.com/g/500/500?user=146,2013-05-06,http://placekitten.com/g/500/500?user=1,Hans|Archie,Alisa U.,Cecil M.,2013-05-01,Z4UB1F4G5Q4EOWTWH24G5MLOKOPQXZS0ZOJTYGVQQIMCEKMYU3
1,http://placekitten.com/g/500/500?user=306,2012-06-29,http://placekitten.com/g/500/500?user=1,Roxy|Ozzy,Shellie C.,Jessica C.,2012-06-17,W0RYFS4ZXP32S3TY17B0PNSFW4YOKZPN6KS3ETVMXM36JC1139
1,http://placekitten.com/g/500/500?user=158,2012-03-31,http://placekitten.com/g/500/500?user=0,Abby,Tony L.,Lottie  C.,2012-02-13,TBV9491E4RE38SMQMLHOESQ778C5IMW5TU4003DP3A47STMR8U
4,http://placekitten.com/g/500/500?user=96,2013-03-21,http://placekitten.com/g/500/500?user=1,Elsie|Gucci,Gayle P.,Sandy O.,2013-02-18,9PYU0DNGXTX30FVXDLQCP60KHO65ESYE1M3MGSHDN7NPEU70RK
1,http://placekitten.com/g/500/500?user=144,2012-12-18,http://placekitten.com/g/500/500?user=0,Gadget,Faker K.,Gwen G.,2012-09-21,IM51CM8U47XETL3ALALCRO1AMLNPN8VUXVVIP9RI0TZFF1XZ6Z
1,http://placekitten.com/g/500/500?user=95,2012-02-08,http://placekitten.com/g/500/500?user=2,LouLou|Silicsa|Juno,Kailyn G.,Nicole G.,2012-01-11,6C9B7H3HBOAYFILOR3ANHWZ4WS7QTGT0IDS6UYWYVL922Z68S5
2,http://placekitten.com/g/500/500?user=292,2012-01-21,http://placekitten.com/g/500/500?user=2,Macy|Biscuit|Molly,Melanie S.,Carrie L.,2012-01-02,LNCPHH0KNURJ808E8GQTJQHKEIUVGOD13NTIGV6ZBA46UM2J77
1,http://placekitten.com/g/500/500?user=186,2012-05-22,http://placekitten.com/g/500/500?user=1,Max|Breezy,Michelle B.,Robin R.,2012-04-23,YIU651CDRHGTS2VPIG8BPVBUKXQF7PD7ZHOF59AYJE633HU5TF
1,http://placekitten.com/g/500/500?user=194,2012-11-16,http://placekitten.com/g/500/500?user=0,Lilly,Camille A.,Antonya C.,2012-08-28,U18FCL0TH7Q1XYYFWQ7K7PWH9LTEIAC3MBSYVU0YFOR37WPRX9
1,http://placekitten.com/g/500/500?user=343,2013-02-27,http://placekitten.com/g/500/500?user=0,DOMO,Ashley H.,Ellen  F.,2013-01-28,UR4C8648EZ2UCH8JLOX2ECW1ZF9KD5Z68OMUIV3BDFF8NFKZQR
4,http://placekitten.com/g/500/500?user=222,2012-11-29,http://placekitten.com/g/500/500?user=0,kippy,Lindsey C.,Anne D.,2012-09-10,2CCKVS8T7C1RYTZQC2A7ATON560UVIZCJOZEEFLBW3OX9904AL
1,http://placekitten.com/g/500/500?user=290,2013-04-18,http://placekitten.com/g/500/500?user=0,Vulcan,John G.,Patty M.,2013-02-18,VC9FD8BS243ZDJZVU9OBFU9WGT8BGC5V0PFKOSYPVK52M8CEMO
2,http://placekitten.com/g/500/500?user=222,2012-06-29,http://placekitten.com/g/500/500?user=0,Molly,Lindsey C.,Lisa H.,2012-06-24,L7OFYRCVU9G1ZL8RPD00L9BSKUS1QUQHH1SWIXREU2U3O4LOU7
4,http://placekitten.com/g/500/500?user=321,2012-04-07,http://placekitten.com/g/500/500?user=1,Sidney|Bailey,Lauren M.,Jim S.,2012-01-10,5KDFHD58WQJZ7RG9DODGSZBHCLJF7YI3N311BVDAKNSQCNHXY1
4,http://placekitten.com/g/500/500?user=12,2012-05-14,http://placekitten.com/g/500/500?user=1,Yogi|Cody,Shelli K.,Destiny H.,2012-03-01,D4DURRHF2W0ZKE2DZ7JMSCBXKEN5IQISFQIE15VS6B6XL8FT97
2,http://placekitten.com/g/500/500?user=209,2012-10-07,http://placekitten.com/g/500/500?user=2,6 dogs 6 cats|Gary|chewy,Dodie K.,Lauren W.,2012-07-20,EFU9KK0TGWWMBL6UMY9UIJ0MXJ2ROMUCZN929SGFV8XPQREM4Y
2,http://placekitten.com/g/500/500?user=17,2013-03-26,http://placekitten.com/g/500/500?user=0,angel,Mary A.,Kaitlyn B.,2013-01-31,VU1FQKZH7AED63TLT8YVP3D7H43GUHZ8CY4BIZV32DJ7QZBJ9G
5,http://placekitten.com/g/500/500?user=222,2012-07-11,http://placekitten.com/g/500/500?user=2,Kenly|Zeeba|Amos,Lindsey C.,Amy D.,2012-07-05,3QKNWHFUXYDWCGXUB80E0T8JFSDURHQUWGT1HQ4ZVDTB144JIA
5,http://placekitten.com/g/500/500?user=320,2013-03-06,http://placekitten.com/g/500/500?user=1,Djanjo|Boss,Joei B.,Theresa K.,2013-01-23,QDGC04R5NTADBTZTBG5W4TBX0DSN1YAZXFYA2V3G8YUEK83U9H
5,http://placekitten.com/g/500/500?user=51,2012-07-18,http://placekitten.com/g/500/500?user=1,Ernesto|livie,Pat B.,Rob C.,2012-06-03,0N1191TV0R6CBWLTQ8BOZ5R9XQG3V9PLL33ALH28V10R91REKC
1,http://placekitten.com/g/500/500?user=5,2012-10-02,http://placekitten.com/g/500/500?user=2,Ceasar|Chopper|Dudley,Maria W.,Carla V.,2012-08-23,MGDZHAF0GN160NQKR9LJPOP8WCZCO9NCZHWZQAA2I4J8U23PFA
4,http://placekitten.com/g/500/500?user=165,2013-02-28,http://placekitten.com/g/500/500?user=0,Lola,Hanna J.,Jeni H.,2013-01-29,BQQX836E5066AU0MTYGDB7IYBIEPX6YUCS2U95R6RG5C5S1Z97
4,http://placekitten.com/g/500/500?user=284,2013-04-18,http://placekitten.com/g/500/500?user=2,queen|Walter|R2-D2,Faridah D.,Lorraine B.,2013-02-12,VKYY9A8RVL73EQQR9OFOQYGGHG11JN8ISP6OMVK2SJCFAE4ETX
4,http://placekitten.com/g/500/500?user=264,2013-03-20,http://placekitten.com/g/500/500?user=2,Rascal|Brooke|Roxanne,Rachel R.,Susan L.,2013-02-10,9XYUIGDIR19ZCZW58755JA2I06WG6C7UNJP2K0YKSJFYC0H13W
1,http://placekitten.com/g/500/500?user=315,2012-11-11,http://placekitten.com/g/500/500?user=1,Lily|Calvin,Sunshine V.,Nicole G.,2012-10-25,2CSOT86Y68VZQ0F09BUU5OAYZQ4EA2DX366C0SADZ5X9NRYMWT
1,http://placekitten.com/g/500/500?user=229,2012-01-31,http://placekitten.com/g/500/500?user=0,Max,Janine S.,Gary B.,2012-01-12,KYPTLG10BGUNM5IDI19ZXCR9HLNPF7299ZPA407ZIKI9E7D3ER
4,http://placekitten.com/g/500/500?user=286,2012-06-01,http://placekitten.com/g/500/500?user=2,"Scamper|Issy, Bill and Marcella|Mottley",Karen H.,Brandon B.,2012-04-04,708NPS8404QMV7DEWXIA7HV9MM5UPINZ3SYISJ8EG7RQHFGUBR
5,http://placekitten.com/g/500/500?user=163,2012-09-16,http://placekitten.com/g/500/500?user=1,Sidney|Bailey,Michael E.,Jim S.,2012-07-03,LWJRA3TN27RT3QIVBL48E6B3SV8IKHBMB1IW6B0IBUH95BX3F1
2,http://placekitten.com/g/500/500?user=315,2012-08-31,http://placekitten.com/g/500/500?user=0,Hiwalani,Sunshine V.,Maggie M.,2012-06-12,ONWOJ4BZD99D5F9MUVM9CB9MYL0UTB7EX165TQN19MSSOGWEL3
2,http://placekitten.com/g/500/500?user=169,2013-04-06,http://placekitten.com/g/500/500?user=1,Jack|Ty,Maria M.,Dustin S.,2013-01-30,NZ9DJBIYIHE50XDXZRZ3T9BDQLP9VU5C414TTKJ04SJ05FSHPQ
4,http://placekitten.com/g/500/500?user=167,2013-01-10,http://placekitten.com/g/500/500?user=1,Klaus|Sophie,Michael H.,Maggie M.,2013-01-05,K8N5SV1WIE9ESQAY007EHILRSHITIDXASTMX5XSKT18GV1JGLN
4,http://placekitten.com/g/500/500?user=41,2012-03-31,http://placekitten.com/g/500/500?user=1,Sammy|Daisy,Billie R.,Samantha S.,2012-01-04,KUEZD2I37W2JT3V4VOHPY5XYAG9JCIC9XKGFXODQ6BBROFSWEW
2,http://placekitten.com/g/500/500?user=110,2012-05-24,http://placekitten.com/g/500/500?user=1,Lucky|Lily,Charla H.,Anjii C.,2012-03-21,YSR6CPP03WUW8LBM9V04AHC929LFCQXPNBVWZEFKUKIJGKWMLJ
3,http://placekitten.com/g/500/500?user=329,2012-12-23,http://placekitten.com/g/500/500?user=0,Lulu,Cl K.,Elisabeth L.,2012-11-16,EWBNPMNHK874SB3M26NDIHAH685P8ZO6M8W2D4PASR1E8OE112
1,http://placekitten.com/g/500/500?user=115,2013-04-18,http://placekitten.com/g/500/500?user=1,Daphne|Husk,Rachel K.,Ariel S.,2013-01-25,M2G956A6R9HFJ00ER6GR3F7DUKVH929QH7DQYJ56LSY9XYKCTZ
3,http://placekitten.com/g/500/500?user=196,2012-10-14,http://placekitten.com/g/500/500?user=1,Mamba|Bailey,Rita S.,Nancy B.,2012-09-12,K658H28V59QD18OZJBVY3DILRGE0GZ8SDPICMQTEH0NIHVBC0K
3,http://placekitten.com/g/500/500?user=347,2013-07-30,http://placekitten.com/g/500/500?user=0,Storm,Heather  R.,Glen O.,2013-05-06,ZEPOQ7MO9BPQE3ANTCN9BYT481SDIBI7D16K1SHO6AJUSQI6AE
4,http://placekitten.com/g/500/500?user=196,2012-12-05,http://placekitten.com/g/500/500?user=1,Madisson|Jax,Rita S.,Harold G.,2012-11-18,AYZHH2ZE1WPCJ2DFUXT9FWR9BKDNIXSDOIRHV61EUFNKCF315X
4,http://placekitten.com/g/500/500?user=233,2012-08-28,http://placekitten.com/g/500/500?user=0,Bo,Josh B.,Jillian D.,2012-07-30,M8GXD7DO8433OWPP8P07FSXL2TU2W6HXPEJIXZOBS51NGOWBDS
2,http://placekitten.com/g/500/500?user=111,2012-10-16,http://placekitten.com/g/500/500?user=2,"Scamper|Issy, Bill and Marcella|Mottley",Donald S.,Brandon B.,2012-09-30,1MLO4G85NJVHQTX3E6TEUNZUJPAAYY6MGY3UO4REAN7J3QIWO1
1,http://placekitten.com/g/500/500?user=233,2013-01-16,http://placekitten.com/g/500/500?user=0,Moxx,Josh B.,Kevin R.,2013-01-15,9RPC6UUV13XYODAPUROKAYOV26IVZK7JROZJWRNTKLEIB5MPL1
3,http://placekitten.com/g/500/500?user=51,2013-01-09,http://placekitten.com/g/500/500?user=1,Annie|Zoey,Pat B.,Matthew Ryan H.,2012-10-17,QR5KJZS9IBGFEOX69AL1XY5TM0DTDUN28JJCBPMB2SZSGPD2BF
2,http://placekitten.com/g/500/500?user=303,2013-07-14,http://placekitten.com/g/500/500?user=2,Duke|buddy|Zara,Nicola D.,Kelly J.,2013-04-30,BA09LAXQ1UV4UWKJ1U03S7B9AOPMRLD0F1VPGFWZ31DEAR7QEQ
1,http://placekitten.com/g/500/500?user=104,2012-04-28,http://placekitten.com/g/500/500?user=0,missy,Jessica E.,Ariel R.,2012-04-10,3ZDSJ95P8LMLDW5MSHTST6M1SAZ63P29TNKC1BVYJB6W6K3LUG
4,http://placekitten.com/g/500/500?user=196,2013-02-17,http://placekitten.com/g/500/500?user=2,Niki|Pepper|Zoey,Rita S.,Chanel L.,2012-12-10,SEI1PH70DZZY7E1XELP3I460HD3M33VZSVULH8UKH8ED07AF6P
4,http://placekitten.com/g/500/500?user=55,2013-06-05,http://placekitten.com/g/500/500?user=1,Sidney|Bailey,Ryan A.,Jim S.,2013-03-12,DXMCY9XAMVJVL9SF5YLSOUVLXR92APAOOZ6ANSZPZ63NBNEA5S
5,http://placekitten.com/g/500/500?user=121,2012-12-16,http://placekitten.com/g/500/500?user=2,Max|Charlie|Lucky (charms),Cooper P.,Stev R.,2012-10-23,VA9SXQDAAN1B9E9O3X0D1S7LPVHUFD0JBDDAEAJ8SHZ6CU2DPD
1,http://placekitten.com/g/500/500?user=325,2013-01-04,http://placekitten.com/g/500/500?user=2,Muffin|Abbey|Mitzi,Amanda P.,Yaneisy C.,2012-12-05,JV1TFYF2FLM5Q8UDXNVDRQHEHDB2Q90L6OFAPE266V820J3HWB
4,http://placekitten.com/g/500/500?user=199,2013-04-04,http://placekitten.com/g/500/500?user=2,Udanhdo|Kujo|daisy,Carmen C.,Christa Z.,2013-01-07,MRMGOV60GVWGVUV2E2H8HDBJA2NH3HTK9QKTPS0F7HS3TOG0D5
3,http://placekitten.com/g/500/500?user=95,2012-09-14,http://placekitten.com/g/500/500?user=2,LILI|Gracie|Beast,Kailyn G.,Tasha J.,2012-07-13,1G9TGHKXHLAH2R6RRB4HIYGZXNNH5DS6GUA01SLRJI5S81IW9O
5,http://placekitten.com/g/500/500?user=234,2013-04-13,http://placekitten.com/g/500/500?user=2,Mogley|Kayia|queen,Thana T.,Alex L.,2013-02-03,VDNYWEDE2KIMXXXVRHVRM37SZDOW0QFQ54OWSEU1OO7PB9CEOW
2,http://placekitten.com/g/500/500?user=157,2013-06-02,http://placekitten.com/g/500/500?user=1,skruffy|Dj,BOB M.,Eliza V.,2013-05-10,OUM942QMGLMSVDBTUVNPXMIVKTJOM3MCBUHS8ZAG685X38P1LG
5,http://placekitten.com/g/500/500?user=163,2013-03-07,http://placekitten.com/g/500/500?user=1,Eddie|Ducky,Michael E.,Hilary S.,2013-02-17,G6ZJTEBMS2STGKBKLYVGLMEOMJZ94D17ZPFOPT8MTI0FTT58M1
1,http://placekitten.com/g/500/500?user=160,2012-08-30,http://placekitten.com/g/500/500?user=2,Roxy|Buddy|Riley,Tom H.,Jennifer B.,2012-07-09,CT3RXIVSNYW9L7MMJUPCEKWAYRWZY4WB0JRVEV0SVE8PXTTY0R
2,http://placekitten.com/g/500/500?user=311,2013-05-10,http://placekitten.com/g/500/500?user=1,Lily|Calvin,Susan H.,Nicole G.,2013-03-12,C6W95KO3FCUD097EYPCMQ2QF370XTTPLWHMHQIJCWJOYD9W7FR
3,http://placekitten.com/g/500/500?user=111,2012-08-04,http://placekitten.com/g/500/500?user=2,Boo Boo|Spencer|Gemma,Donald S.,Kristi M.,2012-07-08,25S84P5UC1EQK3WIWVLSWZEBFGFBDEXOQSC8OTUTJAMUBARNN9
4,http://placekitten.com/g/500/500?user=267,2012-08-13,http://placekitten.com/g/500/500?user=0,Maxx,Jamie H.,Mike M.,2012-08-03,UNFK6L8FFDDWRIMXHR6311TJ5GJRPVBZIBD2QEVV3KEQUBWURC
4,http://placekitten.com/g/500/500?user=180,2012-04-08,http://placekitten.com/g/500/500?user=1,Djanjo|Boss,Jacob C.,Theresa K.,2012-02-23,DBAY2V7LCGSC60UFBH6OZ1NU1OD13TGLB8OD3EEYLZQ0WDZ69Z
5,http://placekitten.com/g/500/500?user=125,2012-11-19,http://placekitten.com/g/500/500?user=0,Buk,Arvin David N.,Julie X.,2012-08-22,6ZPMW0440PJVY95G3USKXSMYA87V1AD8VY85AIKVEOT33BTGJ1
5,http://placekitten.com/g/500/500?user=39,2013-06-26,http://placekitten.com/g/500/500?user=0,Giant,Alex F.,Rachel  R.,2013-04-17,T54QUFPQE3X40987EZXIOGIJPTL8B757R5V6AOFLJAHRZ3CACN
2,http://placekitten.com/g/500/500?user=269,2013-02-13,http://placekitten.com/g/500/500?user=1,Doug|Maxwell,Kelly G.,Kacy N.,2012-12-07,LL8KTLFGG936LDHO59TPOQHB9PASN1S5O2CZ795D2PJ56I1523
1,http://placekitten.com/g/500/500?user=83,2013-06-03,http://placekitten.com/g/500/500?user=1,Felix|Duckie (Miss Mariah Lee Mallard),Magali M.,Sue H.,2013-03-20,G0W96S50WTMSZQFHW17L6YII8KQDTEYMYD0XUAE3C0JQYESJCJ
1,http://placekitten.com/g/500/500?user=91,2012-07-22,http://placekitten.com/g/500/500?user=2,Chewie|Max|Coco,Terre L.,Kathy D.,2012-05-20,9FTTFVRJAEQ2NNASYQT4BT1UUFIRKH2VF2JBB8RZ2HQD8IFLUY
5,http://placekitten.com/g/500/500?user=53,2013-03-21,http://placekitten.com/g/500/500?user=2,Kenly|Zeeba|Amos,Ilka A.,Amy D.,2012-12-24,H71DCKGLWE5R296E4IVULO97AEE1BNWWU8368LQC53T07MSODJ
1,http://placekitten.com/g/500/500?user=341,2013-03-16,http://placekitten.com/g/500/500?user=0,Mystery,Dustin M.,Wendy J.,2013-01-20,BGCGS8IK3VJFQLALO97WVY7P5RGJ6YZNG7DT2MUM2XCH6CHMFN
5,http://placekitten.com/g/500/500?user=55,2013-03-29,http://placekitten.com/g/500/500?user=2,Keiko|Brighton|Boomer,Ryan A.,Kelly S.,2013-03-09,NOMDSBTMD7RLZ145S8P26LH9Z9KDDFP7U139Z43XJ8OM3JYZZF
5,http://placekitten.com/g/500/500?user=146,2012-07-28,http://placekitten.com/g/500/500?user=1,Annie|Zoey,Alisa U.,Matthew Ryan H.,2012-05-19,9NQOJR7HVKFG3VN92WQXD0M6WVV1ZAT4NXXU6RCQAGO43FPT6U
5,http://placekitten.com/g/500/500?user=88,2012-08-19,http://placekitten.com/g/500/500?user=1,Rasty-CAT|Tulls,Pam L.,George L.,2012-08-14,MA3J051QJJQ1FXNSJL5877PDRJUNVTONY6VUXU1W9IFY8TEQBD
4,http://placekitten.com/g/500/500?user=146,2012-02-28,http://placekitten.com/g/500/500?user=0,Mali,Alisa U.,Paul and Nancy M.,2012-01-02,GWRUES1CQS7VE7DPL9DPJ8ISVLMNGZA5HCI2ZYLZ2Z9HVEYODY
3,http://placekitten.com/g/500/500?user=162,2012-07-14,http://placekitten.com/g/500/500?user=0,Sir Percy Blakeney Baronet,Tessa L.,Allicia M.,2012-06-11,CTRQAK4U10Y3P73HS0BWBQLR2B2L275QL6NVXMA3MSX43R5G5R
5,http://placekitten.com/g/500/500?user=286,2012-03-01,http://placekitten.com/g/500/500?user=2,Pinot Grigio|Penny|Houston,Karen H.,Laura K.,2012-01-10,TSI5R1RZI1GGZM4Q0HISG3NN1SI2E1XO2D7XFPJPL1WNED5PNO
3,http://placekitten.com/g/500/500?user=194,2012-02-21,http://placekitten.com/g/500/500?user=1,Yogi|Cody,Camille A.,Destiny H.,2012-01-08,4BAHQCV0YT3A771ZVYAY5VF3TKSZHEXP5SQUEIX70FVAIZN6VM
2,http://placekitten.com/g/500/500?user=343,2013-02-06,http://placekitten.com/g/500/500?user=2,Pele|Nadia|callie,Ashley H.,Melissa C.,2012-12-01,BHJEDF12VABXRQ55UYG4BCY1W1ZOJH2NC0U0EW53S9EH3XOW9S
3,http://placekitten.com/g/500/500?user=320,2013-05-11,http://placekitten.com/g/500/500?user=1,Daisy|Taco & Rocky,Joei B.,Terence A.,2013-04-26,HTFBUGTVPC678QI6JHWSLXXZZS3TDOR42X5F35MQOYF8YRGVPA
5,http://placekitten.com/g/500/500?user=107,2012-11-29,http://placekitten.com/g/500/500?user=1,Klaus|Sophie,AJ H.,Maggie M.,2012-09-19,HNBEDSF6VRSC3XVYF0XYY30OHZY2UTEWR2DZZD4A77OD9U4OB4
1,http://placekitten.com/g/500/500?user=284,2012-12-16,http://placekitten.com/g/500/500?user=1,Lucky|Lily,Faridah D.,Anjii C.,2012-11-09,W6FHPSCCRO46U1EY1I39Q6DAA7CBF55HY1LVTFWC8EN7EJTK7M
2,http://placekitten.com/g/500/500?user=60,2012-06-19,http://placekitten.com/g/500/500?user=2,Rascal|Brooke|Roxanne,Laura V.,Susan L.,2012-05-04,C95SSO2KO1OTJ4X6ZV85UB6TJXHLB9YOZP8ARTKBF6KLO2LOAA
4,http://placekitten.com/g/500/500?user=199,2013-01-01,http://placekitten.com/g/500/500?user=2,Boo Boo|Spencer|Gemma,Carmen C.,Kristi M.,2012-10-07,KVAF9LDPLFP19R6L5LORSRPP7CMR5TBCJMITRC36ORG8WNR3DQ
2,http://placekitten.com/g/500/500?user=208,2012-08-25,http://placekitten.com/g/500/500?user=0,Ro,Susan T.,Sabrina H.,2012-08-03,J9CRAQW0X192Q7PHNKQLG0YYUQAZH3Z1XU1KA0AAQFFGL4RVHN
5,http://placekitten.com/g/500/500?user=158,2012-11-30,http://placekitten.com/g/500/500?user=0,Macy,Tony L.,Lisa H.,2012-09-09,78ML604LDHBS920W3LFQZ8B73LH9STGAUTTD2LL9980J3U7VVS
1,http://placekitten.com/g/500/500?user=88,2012-07-25,http://placekitten.com/g/500/500?user=0,Ginger,Pam L.,Lauren H.,2012-07-24,NJP1FD2PACYH5M0P1LFLXOJASQFHC4CI6RG4OY448GTAVX3B19
1,http://placekitten.com/g/500/500?user=107,2013-01-07,http://placekitten.com/g/500/500?user=0,Figaro,AJ H.,Britney B.,2012-12-19,TK9ISL8O7BCAB3988NZ6XZQCVQSJYAH3VQTN7LE0J0K8IW9MZ7
4,http://placekitten.com/g/500/500?user=5,2013-01-30,http://placekitten.com/g/500/500?user=0,Max,Maria W.,Gary B.,2012-11-11,5W6AMHME2W6X4VMJIO86TYH1KYBXAB5S5UEFXEMI4WMAKJPGQ8
4,http://placekitten.com/g/500/500?user=259,2012-06-05,http://placekitten.com/g/500/500?user=2,Anna|Rocky|Finnlee,Monica  D.,Stephanie C.,2012-04-22,KQUT332JN5VOA8T649YRNFJXMP2DR7NMH7PMG1F25GT0XDYJUU
4,http://placekitten.com/g/500/500?user=180,2012-05-27,http://placekitten.com/g/500/500?user=0,Ro,Jacob C.,Sabrina H.,2012-04-11,9B11ON7K6CU99O3YKW6EUDW947KOT41YY3RWIF42KESUJQABR4
1,http://placekitten.com/g/500/500?user=321,2012-07-13,http://placekitten.com/g/500/500?user=0,Alice,Lauren M.,Kristin R.,2012-05-06,23NPOJF9E1EQWBCB9AI1Q90F1N4QU4KXNO1WAFAZ8TM9MFAT7B
2,http://placekitten.com/g/500/500?user=125,2013-04-16,http://placekitten.com/g/500/500?user=2,Woodford|Roxy|Ariel,Arvin David N.,Missy S.,2013-04-15,9QX4S6SNSFOUATCPPJCRIBPDBQJYMTHVIAMWHT0WI5NGCTGB52
3,http://placekitten.com/g/500/500?user=112,2013-03-05,http://placekitten.com/g/500/500?user=0,Zoe,Michelle M.,Joseph T.,2013-02-14,YAPY4P3ECX0ZHFSJ3BZ0V4B39ZEYN84Q5LVOZ9E7GHQTG4XYQW
4,http://placekitten.com/g/500/500?user=60,2013-05-04,http://placekitten.com/g/500/500?user=1,Angel|Daisy,Laura V.,Erika A.,2013-02-20,D5M0QZPFL38NSHCAHEA8NHPBXV5HT4Z6RLVXDTLZQ2GJCJ58ES
2,http://placekitten.com/g/500/500?user=162,2012-11-14,http://placekitten.com/g/500/500?user=2,Rosco|Lego (Legolas)|Bella,Tessa L.,Demerie S.,2012-10-14,HR42ROWU16U3A3BEVD3I3TUM2Q82RTM4KZOAPPNKSAB0L65IZC
1,http://placekitten.com/g/500/500?user=320,2012-11-20,http://placekitten.com/g/500/500?user=0,Sushi,Joei B.,Jennifer C.,2012-11-19,HSG77N38MUEJPNSEC5D8MN682QZB2KFDAPWBY0UQJ4GKI8CSAI
1,http://placekitten.com/g/500/500?user=292,2012-07-28,http://placekitten.com/g/500/500?user=1,Bailey|Malu,Melanie S.,Diana P.,2012-07-12,NVNZBMNSZLO6EFQF83TR52KBRNSST39FTOSZWS7JWEFYSK5VOQ
5,http://placekitten.com/g/500/500?user=343,2012-05-10,http://placekitten.com/g/500/500?user=2,Bolt|Bailey|Sofie,Ashley H.,Marisa M.,2012-04-03,7KCP23PHAR86PSXB6ROPW0JB7SZGM0SU4IT2N3ZONIKN4M07Y1
2,http://placekitten.com/g/500/500?user=53,2012-11-21,http://placekitten.com/g/500/500?user=0,Bengy,Ilka A.,Chris K.,2012-08-24,222T2P0ZHNNE0AS90TLDXBDGDOVEHOOY9MFSPI66QLQM8X2QK7
4,http://placekitten.com/g/500/500?user=267,2012-02-21,http://placekitten.com/g/500/500?user=0,Lulu,Jamie H.,Elisabeth L.,2012-01-26,NEJIWL173ARWDNWKXRC3TV0R9NRAM9S9AEZ2HQR3N9LT03DSB9
1,http://placekitten.com/g/500/500?user=1,2012-10-14,http://placekitten.com/g/500/500?user=2,shomi|Li-Lu|Maggie,Holly Whitford B.,Matthew S.,2012-09-14,UH1ZPONXSNED3RS9BKGKY8PFZ8CLPH5XAUPNARZLYQJO17GL46
1,http://placekitten.com/g/500/500?user=317,2012-05-03,http://placekitten.com/g/500/500?user=1,Boree|Maisey,Stephen W.,Nilda C.,2012-04-19,L3STKRDPWN4YDILLQN1BI93W89RR7KOY95YBDL5WFOW04WUEUU
3,http://placekitten.com/g/500/500?user=110,2012-07-31,http://placekitten.com/g/500/500?user=1,Jack|Ty,Charla H.,Dustin S.,2012-05-19,7V0V665Y8TJV0ZS06GX0AIIBB54J1TUYZCT6CVKZS8DXTYDTQB
5,http://placekitten.com/g/500/500?user=317,2012-12-04,http://placekitten.com/g/500/500?user=2,Cleatus|Webster|Boo,Stephen W.,Jenna J.,2012-10-30,K8X5XHV0K4QP237Z9SMAAA1F11H4W795W8MU4DT3QZP3C5DFTA
4,http://placekitten.com/g/500/500?user=286,2012-06-26,http://placekitten.com/g/500/500?user=1,A.T.the All Terrain dog|Max,Karen H.,Megan B.,2012-05-16,56679R4XXD08CA7LYGRIT53A1FK52WWTVU3PZC7IOE9J173KIM
1,http://placekitten.com/g/500/500?user=157,2012-05-30,http://placekitten.com/g/500/500?user=2,M-dog|Orion|Snowy,BOB M.,Ashley  K.,2012-04-30,OILRPQ9JDJNAZN92VROWFE4CDEHCVKJ9NLF4KEKI444CLMDVHT
4,http://placekitten.com/g/500/500?user=287,2012-05-07,http://placekitten.com/g/500/500?user=0,luna,Anna Marie W.,Sharon C.,2012-03-29,6080S2VHBBYF5ZZQKO0WN38Y3CSBHH38XLFHLNLUPB8F1OV8ZU
3,http://placekitten.com/g/500/500?user=287,2012-04-01,http://placekitten.com/g/500/500?user=0,Bandit,Anna Marie W.,Steve K.,2012-01-20,DMLWKFMMWBOPNOVS772CPS7TOX2DMCADLATZ0JAIEI4UC02BX4
2,http://placekitten.com/g/500/500?user=199,2012-11-26,http://placekitten.com/g/500/500?user=0,Jenna,Carmen C.,Walt R.,2012-10-18,FQYI108LKYO47T01T2OO5EG0P7WBS2HKLYRMN3WEH0GQWKACPL
5,http://placekitten.com/g/500/500?user=163,2012-03-14,http://placekitten.com/g/500/500?user=0,Bella,Michael E.,Sn M.,2012-03-09,GQIEGPSVSRKWJSCY638O4WWHDQTJVSRZT783UB0XO1A303PGTU
5,http://placekitten.com/g/500/500?user=163,2013-01-01,http://placekitten.com/g/500/500?user=1,Lucy|Oliver,Michael E.,Dorian S.,2012-10-08,TKL16UKM9YW7WUFNT4AHKUW344KZXP9JEEUAISU4V5QGVKTU29
5,http://placekitten.com/g/500/500?user=109,2012-11-13,http://placekitten.com/g/500/500?user=0,UK,Fahreta  G.,Heather R.,2012-09-13,XK7LOCMIST5CLQKW4UGUOZ396HHX6G8ILD7M2GXUZV3HMD7DP3
4,http://placekitten.com/g/500/500?user=30,2013-02-15,http://placekitten.com/g/500/500?user=0,Max,Chapple D.,Gary B.,2013-01-31,9FPRS5BJBB75UQVAQU2II629YD042SXS3FY4TCBVAQNWCU7A9Q
4,http://placekitten.com/g/500/500?user=268,2012-07-18,http://placekitten.com/g/500/500?user=1,Tibby & Penny|Binky,Heather E.,Anne T.,2012-05-12,CX74T8RXPIASVPYEDCMBSTBCOA6BIETP2QPLZ98KF1OE10HS60
2,http://placekitten.com/g/500/500?user=110,2013-04-09,http://placekitten.com/g/500/500?user=2,Cooper|Qurbi|Mijo,Charla H.,Sue S.,2013-04-05,R66CX2VEB6NL52RYTJORWW6TJDLC3G3DBZDQL46OLLGSMGCM8Q
2,http://placekitten.com/g/500/500?user=199,2012-07-15,http://placekitten.com/g/500/500?user=1,claudio|Crosby,Carmen C.,Autumn G.,2012-05-02,EH4O3EI6BBXP4V3R2DD8SAMDQE25XUTPYKNASYMX5QMQE3PDZK
4,http://placekitten.com/g/500/500?user=73,2012-04-02,http://placekitten.com/g/500/500?user=0,Jenna,Kristy B.,Walt R.,2012-01-11,DZN7V05IFGCM31OWMDN7JDY7U6N26SHY37NOKJKSECFNZK6BSU
5,http://placekitten.com/g/500/500?user=125,2012-12-01,http://placekitten.com/g/500/500?user=1,Daisy|Taco & Rocky,Arvin David N.,Terence A.,2012-11-22,7NY18E9OL28CYYN30T2NJISL2GTH2Y9H0LDWY1YOR4CN2NXYHU
1,http://placekitten.com/g/500/500?user=144,2012-09-07,http://placekitten.com/g/500/500?user=2,Lady|Mo|Kyra,Faker K.,Kathlene S.,2012-08-06,QLEDKDDYYZJZNUPZ8YTE4LRHG4BT1GZ6OPNK36I9GSASMLBLGQ
4,http://placekitten.com/g/500/500?user=209,2012-10-27,http://placekitten.com/g/500/500?user=2,Macy|Biscuit|Molly,Dodie K.,Carrie L.,2012-08-03,E4IUGICDHBZADMWIE1XLRURP9GNPTDJJ6UJK7TMYFJ5AIOU67U
1,http://placekitten.com/g/500/500?user=39,2013-05-03,http://placekitten.com/g/500/500?user=0,missy,Alex F.,Ariel R.,2013-04-13,EO14TG648Y6W1D3NMOLU1E8X44LPBSF5LI1OVZNPK4G4ZEUKIX
2,http://placekitten.com/g/500/500?user=17,2013-01-04,http://placekitten.com/g/500/500?user=1,Yogi|Cody,Mary A.,Destiny H.,2012-12-19,4XBYKHDY7HKCUYQ3XV1JM6RVTGJZNVL60J8UXXET9GB9XG9ZCE
1,http://placekitten.com/g/500/500?user=303,2012-02-17,http://placekitten.com/g/500/500?user=0,Ro,Nicola D.,Sabrina H.,2012-01-03,XL6667PFJHHI9YYJ8UBWLQSRUQK372JZR27JEIDQ3W4NH0W671
3,http://placekitten.com/g/500/500?user=115,2012-10-16,http://placekitten.com/g/500/500?user=0,Lucy,Rachel K.,Amy W.,2012-08-13,WZFLDDY99IQ74SWBLT9JF1MFNARD00GI1PQ2OQ0558EG71ZBP3
4,http://placekitten.com/g/500/500?user=28,2012-10-25,http://placekitten.com/g/500/500?user=0,Chili,Alexander N.,Diane H.,2012-09-19,DQBGA304Q39JOXBYIUVUYU8QLFH2WN54BT5BYZ1CPF86J5OVKF
2,http://placekitten.com/g/500/500?user=292,2012-08-01,http://placekitten.com/g/500/500?user=2,Reggie|Chewy|Dorrie,Melanie S.,Rachel B.,2012-07-18,I1MI6AINTBXH2I68RPSWUF18RW69C2JVBZ6FVT1ZTFPVLWUMOH
4,http://placekitten.com/g/500/500?user=196,2013-06-18,http://placekitten.com/g/500/500?user=2,Puffy|bella|Carmel,Rita S.,Ali P.,2013-03-20,L3QG025QCK5ZZ6IYKQDTBZCT399O953TU3V54AQ3XD9ODLI088
1,http://placekitten.com/g/500/500?user=118,2012-01-21,http://placekitten.com/g/500/500?user=2,Niki|Pepper|Zoey,Gail J.,Chanel L.,2012-01-16,MH1CHSZ3SYH6CRMX9DLI8N0VWX0REWZWF8S3QNLEWJ1LOBVGYR
4,http://placekitten.com/g/500/500?user=325,2012-04-30,http://placekitten.com/g/500/500?user=1,Scooter|Timber,Amanda P.,Nancy O.,2012-02-07,OLBS4STDLSC4R7H6TMQ8S6H71YWZVPE4J56M7ZCRO4XUM9SDN8
5,http://placekitten.com/g/500/500?user=1,2013-01-21,http://placekitten.com/g/500/500?user=0,Vulcan,Holly Whitford B.,Patty M.,2012-12-13,DQC00HBVD2RDMY4CYLC0JPLNFH70OHHMGXOY9SKXW9ZJV3D37L
4,http://placekitten.com/g/500/500?user=101,2012-12-01,http://placekitten.com/g/500/500?user=0,Bu,Jennifer R.,Joe B.,2012-11-03,19VMX40XCHOWBYZZ2WJFVLU9EO7YDO611RU9QU1V2VEJUE8D5N
4,http://placekitten.com/g/500/500?user=318,2012-12-11,http://placekitten.com/g/500/500?user=2,6 dogs 6 cats|Gary|chewy,Gardiner D.,Lauren W.,2012-09-21,VBNE9CEGC6BQEVSZU6EVQ90PE0FMF8KJM911AQI4ILAWOAIPWE
3,http://placekitten.com/g/500/500?user=144,2013-02-23,http://placekitten.com/g/500/500?user=2,Reggie|Chewy|Dorrie,Faker K.,Rachel B.,2013-01-06,ZAVO4ULQMGBOGZSRE03EE26HEEM6XQZLOVAKULK1FY0GK7VNQX
4,http://placekitten.com/g/500/500?user=299,2012-12-26,http://placekitten.com/g/500/500?user=2,Duke|buddy|Zara,Erica M.,Kelly J.,2012-12-13,VWUZ61NO3ZR31SJXMQELS35LUS1S0NGKV28R03H1LIDJ8TYJRV
3,http://placekitten.com/g/500/500?user=224,2012-02-11,http://placekitten.com/g/500/500?user=0,Murphy,Allison H.,Lyndsey B.,2012-01-02,9MNO5PX6DBJFBX99TB8SLWJ9JBENCRUBMELHU27THWYD6ITJQ8
4,http://placekitten.com/g/500/500?user=165,2013-02-22,http://placekitten.com/g/500/500?user=0,Sonny,Hanna J.,Chasen   T.,2013-01-21,Z4V3ZCEGM4P6H24VR4NPY0G5C4Y6JKJDCZ3H328OX87FTQHLNI
3,http://placekitten.com/g/500/500?user=96,2013-01-11,http://placekitten.com/g/500/500?user=1,Lily|Calvin,Gayle P.,Nicole G.,2013-01-07,OQQW51NUCPVMV3RGIADVJAJ2ZMAA20CKECNSQVKGHTTTAWWMP8
5,http://placekitten.com/g/500/500?user=52,2012-09-17,http://placekitten.com/g/500/500?user=1,Sophie|Megan,Gregory P.,William P.,2012-09-11,Q4SHNVVDW9H73D4T0H94J0TD8SK5VXKFD3ONHNVNWOCK9RVIBE
3,http://placekitten.com/g/500/500?user=320,2013-03-28,http://placekitten.com/g/500/500?user=2,Macy|Biscuit|Molly,Joei B.,Carrie L.,2013-02-12,SEFROR2EAN4HVR2WD6I753CKM1MOBAITNBOAWRWU9Q7JOHFMKJ
4,http://placekitten.com/g/500/500?user=258,2012-05-09,http://placekitten.com/g/500/500?user=0,Oscar,Nakisa S.,Michelle D.,2012-04-23,07SINEFBAOFW1E6IOJW4SHNKJV6INOKW41XHR8SIGIQAR34K8R
1,http://placekitten.com/g/500/500?user=83,2012-12-20,http://placekitten.com/g/500/500?user=0,Leila,Magali M.,Marita C.,2012-10-12,4K0HFO5OAED6J267ZV736FQMQBIDYJ1VORAT3Z9MNWLGRBTYDI
3,http://placekitten.com/g/500/500?user=301,2012-09-01,http://placekitten.com/g/500/500?user=2,Boo Boo|Spencer|Gemma,Naomi B.,Kristi M.,2012-07-28,3MA6LLM7XYMLBOU7514QBVBSK36M27VVHIB6PZB0BCY4QJ4PJ9
1,http://placekitten.com/g/500/500?user=60,2012-12-14,http://placekitten.com/g/500/500?user=2,Muffin|Abbey|Mitzi,Laura V.,Yaneisy C.,2012-12-11,O50PA89D2NVFLFDD7GF2Y92F2CGVK7MMJD9HBEW6K5EJDGVBNU
1,http://placekitten.com/g/500/500?user=224,2013-03-24,http://placekitten.com/g/500/500?user=0,Lola,Allison H.,Jeni H.,2013-03-10,2K4ZOTOUT3XPIZ1X1286BPOK77FF8648T7KJVH16JNQYHVI2W4
3,http://placekitten.com/g/500/500?user=160,2013-08-05,http://placekitten.com/g/500/500?user=1,Simba|Maggie,Tom H.,James M.,2013-05-10,OGS6L66ZYJ2X5PIVPWRV16XRDWGPVD4P9OL2F5TN2GMY8XVLC3
3,http://placekitten.com/g/500/500?user=165,2012-09-27,http://placekitten.com/g/500/500?user=0,Macy,Hanna J.,Lisa H.,2012-09-25,JXZS8AZN9UDV161C45M4895NWIF0TB865D7AD5L3RU19HLJU4P
3,http://placekitten.com/g/500/500?user=5,2012-08-25,http://placekitten.com/g/500/500?user=0,Molly,Maria W.,Lisa H.,2012-08-11,MSD39R0S2MCX78F2UOP7ZUQ8QD6T3TQ54OSXA6ETGXC4WM2VH5
4,http://placekitten.com/g/500/500?user=211,2012-06-19,http://placekitten.com/g/500/500?user=1,Lucky|Lily,Heather T.,Anjii C.,2012-04-07,NUITSUTBL7W53U5JEBZIZSH1UVQCT17K9R80SITWJM4KDVQTMW
4,http://placekitten.com/g/500/500?user=269,2012-12-17,http://placekitten.com/g/500/500?user=0,Vulcan,Kelly G.,Patty M.,2012-10-05,WD2GG8U4F2BR843MXLLG037B1DWZZASPNSZZLQPSTZC95HXKJZ
3,http://placekitten.com/g/500/500?user=61,2013-05-28,http://placekitten.com/g/500/500?user=2,Udanhdo|Kujo|daisy,Esther G.,Christa Z.,2013-02-28,VN1WRM5YEFXVHQF9EQOI2K2L8M50PQWGD94N1F25HPOWXGF32U
4,http://placekitten.com/g/500/500?user=121,2013-06-30,http://placekitten.com/g/500/500?user=2,Duncan|Pogo|Kronos,Cooper P.,Stefanie B.,2013-04-23,3RP4XX4LQ8MAJ19ZZ04WR0AT27HS83M8LPUJ08B83EPDJKEQPX
3,http://placekitten.com/g/500/500?user=136,2012-02-16,http://placekitten.com/g/500/500?user=2,Cleatus|Webster|Boo,Steven J.,Jenna J.,2012-02-13,SNUEZO5HHPW2K8CJDR61507VC0CVPSS4R9S91VQWT4OW3L9BIG
3,http://placekitten.com/g/500/500?user=311,2012-08-12,http://placekitten.com/g/500/500?user=0,Bu,Susan H.,Joe B.,2012-07-12,FDUJQMLSAOHB3UB8ZVEDL7IHCSXB2TB5Z6U954ZHYDKMO51OEP
4,http://placekitten.com/g/500/500?user=229,2013-03-20,http://placekitten.com/g/500/500?user=1,Amos|Sable,Janine S.,Kelley A.,2012-12-30,K7DS7LNVZ8QVQVI29EVO6YIRMD94L84KLQIZUJ18K7CXN79IY9
5,http://placekitten.com/g/500/500?user=109,2012-05-16,http://placekitten.com/g/500/500?user=1,Moxie|Chance,Fahreta  G.,Jordan  R.,2012-04-21,Z6073T1Y81VZLO0TLQXFJBST15NO64NOPKKB0NYSKMUWN4EWII
5,http://placekitten.com/g/500/500?user=192,2012-08-14,http://placekitten.com/g/500/500?user=1,Sidney|Bailey,Nelson M.,Jim S.,2012-07-27,LTIKB5FNZ8AX6963H0KHCK6V0L6TN0VPVR3E290Y36S8SR2Q1F
